business_unit,line_item,month,budget,actual,forecast,variance_vs_budget,variance_vs_budget_pct,variance_vs_forecast,variance_vs_forecast_pct,threshold,budget_breach,forecast_breach,flagged,flag_reason
Customer Support,COGS,2025-04-01,121000.0,120620.79,,-379.2100000000064,-0.0031339669421488,,,0.084,False,False,False,
Customer Support,COGS,2025-05-01,121968.0,127792.84,,5824.8399999999965,0.0477571166207529,,,0.084,False,False,False,
Customer Support,COGS,2025-06-01,122943.74,116884.3,,-6059.440000000002,-0.0492862833032409,,,0.084,False,False,False,
Customer Support,COGS,2025-07-01,123927.29,127050.55,121765.97666666668,3123.2600000000093,0.0252023585765492,5284.573333333334,0.0433994246832989,0.084,False,False,False,
Customer Support,COGS,2025-08-01,124918.71,121606.76,123909.23,-3311.950000000012,-0.0265128418312998,-2302.470000000001,-0.0185819087084957,0.084,False,False,False,
Customer Support,COGS,2025-09-01,125918.06,120926.21,121847.20333333332,-4991.849999999991,-0.0396436380928993,-920.9933333333174,-0.0075585923036229,0.084,False,False,False,
Customer Support,COGS,2025-10-01,126925.41,126246.16,123194.50666666668,-679.25,-0.0053515682951112,3051.6533333333355,0.024771017928505,0.084,False,False,False,
Customer Support,COGS,2025-11-01,127940.81,121318.32,122926.37666666666,-6622.489999999991,-0.0517621390704028,-1608.0566666666564,-0.0130814615241376,0.084,False,False,False,
Customer Support,COGS,2025-12-01,128964.34,125394.29,122830.23,-3570.050000000003,-0.027682458577309,2564.0599999999977,0.0208748286150729,0.084,False,False,False,
Customer Support,COGS,2026-01-01,129996.05,122210.08,124319.59,-7785.970000000001,-0.0598938967760943,-2109.5100000000093,-0.0169684439918118,0.084,False,False,False,
Customer Support,COGS,2026-02-01,131036.02,143908.51,122974.23,12872.490000000003,0.0982362712176392,20934.280000000013,0.1702330642769628,0.084,True,True,True,10% over budget; 17% above trend forecast
Customer Support,COGS,2026-03-01,132084.31,132317.2,130504.29333333332,232.890000000014,0.0017631920097096,1812.9066666666768,0.0138915480890437,0.084,False,False,False,
Customer Support,COGS,2026-04-01,133140.98,128482.87,132811.93,-4658.110000000015,-0.0349862979827849,-4329.059999999998,-0.0325954151859701,0.084,False,False,False,
Customer Support,COGS,2026-05-01,134206.11,135641.98,134902.86000000002,1435.8700000000244,0.0106989912754346,739.1199999999953,0.0054789053397384,0.084,False,False,False,
Customer Support,COGS,2026-06-01,135279.76,134519.97,132147.35,-759.7900000000081,-0.0056164351563013,2372.619999999996,0.0179543517142038,0.084,False,False,False,
Customer Support,COGS,2026-07-01,136362.0,134855.4,132881.60666666666,-1506.6000000000058,-0.011048532582391,1973.7933333333349,0.0148537738430917,0.084,False,False,False,
Customer Support,COGS,2026-08-01,137452.89,141673.84,135005.78333333333,4220.949999999983,0.0307083394172358,6668.056666666671,0.049390896464065,0.084,False,False,False,
Customer Support,COGS,2026-09-01,138552.52,143800.25,137016.40333333335,5247.7300000000105,0.0378753847277553,6783.84666666665,0.0495112008608408,0.084,False,False,False,
Customer Support,Headcount Cost,2025-04-01,49500.0,48188.0,,-1312.0,-0.0265050505050505,,,0.075,False,False,False,
Customer Support,Headcount Cost,2025-05-01,49797.0,50933.56,,1136.5599999999977,0.0228238648914592,,,0.075,False,False,False,
Customer Support,Headcount Cost,2025-06-01,50095.78,48566.34,,-1529.4400000000023,-0.0305303161264282,,,0.075,False,False,False,
Customer Support,Headcount Cost,2025-07-01,50396.36,46757.98,49229.3,-3638.379999999997,-0.0721952934696076,-2471.3199999999924,-0.0502001856617906,0.075,False,False,False,
Customer Support,Headcount Cost,2025-08-01,50698.73,47398.16,48752.62666666667,-3300.57,-0.0651016307509083,-1354.4666666666672,-0.0277824346968518,0.075,False,False,False,
Customer Support,Headcount Cost,2025-09-01,51002.93,51101.03,47574.16,98.09999999999854,0.0019234189094626,3526.869999999996,0.0741341518168685,0.075,False,False,False,
Customer Support,Headcount Cost,2025-10-01,51308.94,51841.99,48419.05666666667,533.0499999999956,0.0103890277210949,3422.933333333327,0.0706939285682075,0.075,False,False,False,
Customer Support,Headcount Cost,2025-11-01,51616.8,49749.68,50113.72666666666,-1867.1200000000024,-0.0361727189597185,-364.0466666666616,-0.0072644101902085,0.075,False,False,False,
Customer Support,Headcount Cost,2025-12-01,51926.5,53252.89,50897.56666666666,1326.3899999999994,0.0255436049030841,2355.323333333341,0.0462757551605284,0.075,False,False,False,
Customer Support,Headcount Cost,2026-01-01,52238.06,48766.27,51614.85333333333,-3471.790000000001,-0.066460929062067,-2848.583333333336,-0.0551892168507567,0.075,False,False,False,
Customer Support,Headcount Cost,2026-02-01,52551.49,52412.58,50589.613333333335,-138.90999999999622,-0.0026433123018966,1822.9666666666672,0.0360344060085061,0.075,False,False,False,
Customer Support,Headcount Cost,2026-03-01,52866.8,50305.89,51477.246666666666,-2560.9100000000035,-0.0484407983838629,-1171.3566666666666,-0.0227548430134893,0.075,False,False,False,
Customer Support,Headcount Cost,2026-04-01,53184.0,51797.31,50494.91333333333,-1386.6900000000023,-0.0260734431407942,1302.3966666666674,0.0257926309937225,0.075,False,False,False,
Customer Support,Headcount Cost,2026-05-01,53503.1,53604.54,51505.26,101.44000000000231,0.0018959649067063,2099.279999999999,0.0407585555339396,0.075,False,False,False,
Customer Support,Headcount Cost,2026-06-01,53824.12,51971.68,51902.58,-1852.4400000000023,-0.0344165403911852,69.10000000000582,0.0013313403688218,0.075,False,False,False,
Customer Support,Headcount Cost,2026-07-01,54147.06,53314.16,52457.84333333333,-832.8999999999942,-0.015382183261658,856.316666666673,0.0163239014845763,0.075,False,False,False,
Customer Support,Headcount Cost,2026-08-01,54471.95,56664.54,52963.46,2192.590000000004,0.0402517258882783,3701.0800000000017,0.0698798756727751,0.075,False,False,False,
Customer Support,Headcount Cost,2026-09-01,54798.78,53534.26,53983.46,-1264.5199999999968,-0.023075696210755,-449.1999999999971,-0.0083210672305924,0.075,False,False,False,
Customer Support,Opex: Marketing,2025-04-01,33000.0,31034.02,,-1965.98,-0.0595751515151515,,,0.285,False,False,False,
Customer Support,Opex: Marketing,2025-05-01,33165.0,30963.75,,-2201.25,-0.0663726820443238,,,0.285,False,False,False,
Customer Support,Opex: Marketing,2025-06-01,33330.82,32622.29,,-708.5299999999988,-0.0212575028157122,,,0.285,False,False,False,
Customer Support,Opex: Marketing,2025-07-01,33497.48,22601.15,31540.02,-10896.330000000002,-0.3252880515190993,-8938.869999999999,-0.2834135805874568,0.285,True,False,True,33% under budget
Customer Support,Opex: Marketing,2025-08-01,33664.97,26686.94,28729.06333333333,-6978.0300000000025,-0.2072786638455344,-2042.1233333333369,-0.0710821410931254,0.285,False,False,False,
Customer Support,Opex: Marketing,2025-09-01,33833.29,41446.84,27303.460000000003,7613.549999999996,0.2250313227002161,14143.379999999994,0.5180068753190985,0.285,False,True,True,52% above trend forecast
Customer Support,Opex: Marketing,2025-10-01,34002.46,43072.45,30244.976666666666,9069.989999999998,0.2667451119713102,12827.473333333332,0.4241191347147123,0.285,False,True,True,42% above trend forecast
Customer Support,Opex: Marketing,2025-11-01,34172.47,33579.39,37068.743333333325,-593.0800000000017,-0.017355491130726,-3489.3533333333253,-0.0941319564560364,0.285,False,False,False,
Customer Support,Opex: Marketing,2025-12-01,34343.33,38000.33,39366.22666666666,3657.0,0.1064835588162242,-1365.8966666666602,-0.034697170196991,0.285,False,False,False,
Customer Support,Opex: Marketing,2026-01-01,34515.05,36816.77,38217.38999999999,2301.719999999994,0.0666874305556559,-1400.6199999999951,-0.0366487612053045,0.285,False,False,False,
Customer Support,Opex: Marketing,2026-02-01,34687.62,51401.24,36132.16333333334,16713.619999999995,0.4818324232103556,15269.07666666666,0.4225896059918543,0.285,True,True,True,48% over budget; 42% above trend forecast
Customer Support,Opex: Marketing,2026-03-01,34861.06,41412.72,42072.78,6551.660000000004,0.1879363392851509,-660.0599999999977,-0.0156885283073758,0.285,False,False,False,
Customer Support,Opex: Marketing,2026-04-01,35035.37,35063.83,43210.243333333325,28.459999999999127,0.0008123219477915,-8146.413333333323,-0.1885296796523476,0.285,False,False,False,
Customer Support,Opex: Marketing,2026-05-01,35210.54,30867.99,42625.93,-4342.549999999999,-0.1233309685111332,-11757.94,-0.2758400813776966,0.285,False,False,False,
Customer Support,Opex: Marketing,2026-06-01,35386.6,27567.33,35781.513333333336,-7819.269999999997,-0.2209669762000304,-8214.183333333334,-0.2295650062872317,0.285,False,False,False,
Customer Support,Opex: Marketing,2026-07-01,35563.53,37360.18,31166.38333333333,1796.6500000000017,0.0505194506844512,6193.796666666665,0.1987332505161811,0.285,False,False,False,
Customer Support,Opex: Marketing,2026-08-01,35741.35,32401.23,31931.83333333333,-3340.119999999999,-0.093452541663927,469.3966666666674,0.0146999598102207,0.285,False,False,False,
Customer Support,Opex: Marketing,2026-09-01,35920.05,28975.34,32442.91333333333,-6944.710000000003,-0.1933379825473517,-3467.5733333333337,-0.106882304240248,0.285,False,False,False,
Customer Support,Opex: Other,2025-04-01,13750.0,12992.87,,-757.1299999999992,-0.0550639999999999,,,0.163,False,False,False,
Customer Support,Opex: Other,2025-05-01,13791.25,13257.36,,-533.8899999999994,-0.0387122269554971,,,0.163,False,False,False,
Customer Support,Opex: Other,2025-06-01,13832.62,13151.51,,-681.1100000000006,-0.0492394065621697,,,0.163,False,False,False,
Customer Support,Opex: Other,2025-07-01,13874.12,12814.15,13133.913333333336,-1059.9700000000012,-0.0763990797254169,-319.76333333333605,-0.0243463867331749,0.163,False,False,False,
Customer Support,Opex: Other,2025-08-01,13915.74,14122.42,13074.339999999998,206.6800000000003,0.0148522464489851,1048.0800000000015,0.0801631286933032,0.163,False,False,False,
Customer Support,Opex: Other,2025-09-01,13957.49,12937.27,13362.693333333336,-1020.2199999999992,-0.0730948042950415,-425.4233333333341,-0.0318366457061551,0.163,False,False,False,
Customer Support,Opex: Other,2025-10-01,13999.36,14517.98,13291.28,518.619999999999,0.0370459792447654,1226.7000000000007,0.0922935939954617,0.163,False,False,False,
Customer Support,Opex: Other,2025-11-01,14041.36,14111.23,13859.223333333332,69.86999999999898,0.0049760137194686,252.0066666666662,0.0181833181128235,0.163,False,False,False,
Customer Support,Opex: Other,2025-12-01,14083.49,13887.8,13855.493333333332,-195.6900000000005,-0.0138949933574703,32.3066666666673,0.00233168649354,0.163,False,False,False,
Customer Support,Opex: Other,2026-01-01,14125.74,12984.99,14172.336666666664,-1140.75,-0.0807568311465452,-1187.3466666666643,-0.0837791744998059,0.163,False,False,False,
Customer Support,Opex: Other,2026-02-01,14168.11,13492.62,13661.339999999998,-675.4899999999998,-0.0476767896353147,-168.71999999999753,-0.0123501794113899,0.163,False,False,False,
Customer Support,Opex: Other,2026-03-01,14210.62,15426.18,13455.136666666667,1215.5599999999995,0.0855388434846614,1971.043333333333,0.1464900269810216,0.163,False,False,False,
Customer Support,Opex: Other,2026-04-01,14253.25,15109.75,13967.93,856.5,0.0600915580657043,1141.8199999999997,0.081745827764028,0.163,False,False,False,
Customer Support,Opex: Other,2026-05-01,14296.01,13041.46,14676.183333333334,-1254.550000000001,-0.0877552547878744,-1634.7233333333352,-0.1113861346785212,0.163,False,False,False,
Customer Support,Opex: Other,2026-06-01,14338.9,14624.72,14525.796666666669,285.8199999999997,0.0199331887383271,98.92333333333228,0.0068101829870948,0.163,False,False,False,
Customer Support,Opex: Other,2026-07-01,14381.91,15606.37,14258.643333333332,1224.460000000001,0.0851389001878054,1347.7266666666674,0.0945199788759707,0.163,False,False,False,
Customer Support,Opex: Other,2026-08-01,14425.06,12161.18,14424.183333333334,-2263.879999999999,-0.1569407683572893,-2263.003333333334,-0.1568895292743321,0.163,False,False,False,
Customer Support,Opex: Other,2026-09-01,14468.34,15399.17,14130.756666666668,930.83,0.0643356459690607,1268.413333333332,0.0897625911516414,0.163,False,False,False,
Customer Support,Opex: Salaries,2025-04-01,82500.0,80074.73,,-2425.270000000004,-0.0293972121212121,,,0.071,False,False,False,
Customer Support,Opex: Salaries,2025-05-01,82830.0,79314.16,,-3515.8399999999965,-0.0424464565978509,,,0.071,False,False,False,
Customer Support,Opex: Salaries,2025-06-01,83161.32,86538.85,,3377.529999999999,0.0406141941950897,,,0.071,False,False,False,
Customer Support,Opex: Salaries,2025-07-01,83493.97,84867.37,81975.91333333333,1373.3999999999942,0.0164490920721579,2891.456666666665,0.0352720274662793,0.071,False,False,False,
Customer Support,Opex: Salaries,2025-08-01,83827.94,82969.61,83573.46,-858.3300000000017,-0.0102391875548892,-603.8500000000058,-0.0072253799232436,0.071,False,False,False,
Customer Support,Opex: Salaries,2025-09-01,84163.25,87058.33,84791.94333333333,2895.0800000000017,0.0343983864691537,2266.3866666666727,0.0267287973075115,0.071,False,False,False,
Customer Support,Opex: Salaries,2025-10-01,84499.91,83851.04,84965.10333333333,-648.8700000000099,-0.0076789430899986,-1114.063333333339,-0.0131120105740667,0.071,False,False,False,
Customer Support,Opex: Salaries,2025-11-01,84837.91,81797.44,84626.32666666666,-3040.470000000001,-0.0358385773529781,-2828.886666666658,-0.0334279742261449,0.071,False,False,False,
Customer Support,Opex: Salaries,2025-12-01,85177.26,88217.55,84235.60333333333,3040.290000000008,0.0356936816234756,3981.9466666666704,0.0472715396945575,0.071,False,False,False,
Customer Support,Opex: Salaries,2026-01-01,85517.97,106897.46,84622.01,21379.490000000005,0.2499999707663781,22275.45000000001,0.2632347069042677,0.071,True,True,True,25% over budget; 26% above trend forecast
Customer Support,Opex: Salaries,2026-02-01,85860.04,82329.7,92304.15,-3530.3399999999965,-0.0411173812637403,-9974.450000000012,-0.1080606884955878,0.071,False,True,True,11% below trend forecast
Customer Support,Opex: Salaries,2026-03-01,86203.48,84849.21,92481.57,-1354.2699999999895,-0.0157101546248479,-7632.360000000001,-0.0825284432346899,0.071,False,True,True,8% below trend forecast
Customer Support,Opex: Salaries,2026-04-01,86548.29,83409.31,91358.79,-3138.979999999996,-0.0362685386389493,-7949.479999999996,-0.0870138494610096,0.071,False,True,True,9% below trend forecast
Customer Support,Opex: Salaries,2026-05-01,86894.49,82420.81,83529.40666666666,-4473.680000000008,-0.0514840469171291,-1108.5966666666643,-0.0132719327349066,0.071,False,False,False,
Customer Support,Opex: Salaries,2026-06-01,87242.06,88793.69,83559.77666666667,1551.6300000000049,0.0177853434455812,5233.91333333333,0.0626367558904836,0.071,False,False,False,
Customer Support,Opex: Salaries,2026-07-01,87591.03,91732.55,84874.60333333333,4141.520000000004,0.047282467165873,6857.94666666667,0.0808009274545063,0.071,False,True,True,8% above trend forecast
Customer Support,Opex: Salaries,2026-08-01,87941.4,83372.22,87649.01666666666,-4569.179999999993,-0.0519570987043644,-4276.796666666662,-0.0487945767028,0.071,False,False,False,
Customer Support,Opex: Salaries,2026-09-01,88293.16,88901.42,87966.15333333334,608.2599999999948,0.0068890953727332,935.2666666666628,0.0106321196417742,0.071,False,False,False,
Customer Support,Revenue,2025-04-01,275000.0,270554.79,,-4445.210000000021,-0.0161644,,,0.112,False,False,False,
Customer Support,Revenue,2025-05-01,277750.0,289707.84,,11957.840000000026,0.0430525292529253,,,0.112,False,False,False,
Customer Support,Revenue,2025-06-01,280527.5,305814.65,,25287.150000000023,0.0901414299845827,,,0.112,False,False,False,
Customer Support,Revenue,2025-07-01,283332.78,284592.38,288692.4266666667,1259.5999999999767,0.0044456557409275,-4100.046666666691,-0.0142021275514814,0.112,False,False,False,
Customer Support,Revenue,2025-08-01,286166.1,314129.38,293371.6233333333,27963.280000000028,0.0977169552927479,20757.756666666653,0.0707558434957472,0.112,False,False,False,
Customer Support,Revenue,2025-09-01,289027.76,265094.51,301512.13666666666,-23933.25,-0.0828060598746639,-36417.62666666665,-0.1207832861034305,0.112,False,True,True,12% below trend forecast
Customer Support,Revenue,2025-10-01,291918.04,262083.16,287938.75666666665,-29834.879999999976,-0.1022029333987032,-25855.59666666665,-0.0897954723635848,0.112,False,False,False,
Customer Support,Revenue,2025-11-01,294837.22,293854.57,280435.68333333335,-982.6499999999652,-0.0033328560077997,13418.886666666658,0.0478501398508427,0.112,False,False,False,
Customer Support,Revenue,2025-12-01,297785.59,304647.74,273677.41333333333,6862.149999999965,0.0230439290228918,30970.32666666666,0.1131636194944061,0.112,False,True,True,11% above trend forecast
Customer Support,Revenue,2026-01-01,300763.45,300173.45,286861.8233333333,-590.0,-0.0019616745319286,13311.626666666709,0.0464043158897397,0.112,False,False,False,
Customer Support,Revenue,2026-02-01,303771.08,266089.34,299558.58666666667,-37681.73999999999,-0.1240465023859413,-33469.246666666644,-0.1117285504618483,0.112,True,False,True,12% under budget
Customer Support,Revenue,2026-03-01,306808.8,305168.23,290303.51,-1640.570000000007,-0.0053472064686541,14864.719999999972,0.0512040657035113,0.112,False,False,False,
Customer Support,Revenue,2026-04-01,309876.88,285623.39,290477.00666666665,-24253.48999999999,-0.0782681495954134,-4853.61666666664,-0.0167091251812448,0.112,False,False,False,
Customer Support,Revenue,2026-05-01,312975.65,325551.12,285626.9866666667,12575.469999999972,0.0401803462985058,39924.1333333333,0.1397771751165995,0.112,False,True,True,14% above trend forecast
Customer Support,Revenue,2026-06-01,316105.41,323058.43,305447.58,6953.020000000019,0.0219958905480295,17610.849999999977,0.0576558832124319,0.112,False,False,False,
Customer Support,Revenue,2026-07-01,319266.46,301262.14,311410.98,-18004.320000000007,-0.0563927698512396,-10148.839999999967,-0.0325898592271857,0.112,False,False,False,
Customer Support,Revenue,2026-08-01,322459.13,312517.06,316623.89666666667,-9942.070000000009,-0.0308320313337073,-4106.83666666667,-0.0129707097597571,0.112,False,False,False,
Customer Support,Revenue,2026-09-01,325683.72,304985.6,312279.21,-20698.119999999995,-0.0635528235798829,-7293.610000000044,-0.0233560537059128,0.112,False,False,False,
Digital Products,COGS,2025-04-01,187000.0,177738.49,,-9261.51000000001,-0.0495267914438503,,,0.084,False,False,False,
Digital Products,COGS,2025-05-01,188496.0,183158.76,,-5337.239999999991,-0.0283148714031066,,,0.084,False,False,False,
Digital Products,COGS,2025-06-01,190003.97,190950.68,,946.709999999992,0.0049825801008262,,,0.084,False,False,False,
Digital Products,COGS,2025-07-01,191524.0,186702.62,183949.31,-4821.380000000005,-0.0251737641235563,2753.310000000027,0.0149677647608464,0.084,False,False,False,
Digital Products,COGS,2025-08-01,193056.19,178087.93,186937.35333333336,-14968.26000000001,-0.0775331782938428,-8849.423333333369,-0.0473389784092733,0.084,False,False,False,
Digital Products,COGS,2025-09-01,194600.64,195267.76,185247.07666666663,667.1199999999953,0.0034281490543915,10020.683333333349,0.0540936111578405,0.084,False,False,False,
Digital Products,COGS,2025-10-01,196157.45,185738.51,186686.10333333336,-10418.940000000002,-0.0531151888444716,-947.5933333333523,-0.0050758643327693,0.084,False,False,False,
Digital Products,COGS,2025-11-01,197726.71,202408.8,186364.7333333333,4682.0899999999965,0.0236796030237897,16044.06666666668,0.0860896070823128,0.084,False,True,True,9% above trend forecast
Digital Products,COGS,2025-12-01,199308.52,190146.07,194471.69000000003,-9162.449999999984,-0.0459711907950547,-4325.620000000024,-0.0222429290350694,0.084,False,False,False,
Digital Products,COGS,2026-01-01,200902.99,216472.31,192764.46,15569.320000000009,0.077496706246134,23707.85000000001,0.1229886982278787,0.084,False,True,True,12% above trend forecast
Digital Products,COGS,2026-02-01,202510.21,194579.37,203009.06,-7930.8399999999965,-0.0391626674032879,-8429.689999999973,-0.0415237132766388,0.084,False,False,False,
Digital Products,COGS,2026-03-01,204130.29,200843.17,200399.25,-3287.119999999996,-0.016103048695027,443.9200000000128,0.0022151779510153,0.084,False,False,False,
Digital Products,COGS,2026-04-01,205763.34,214132.94,203964.95,8369.600000000006,0.0406758560587129,10167.99000000002,0.0498516534335924,0.084,False,False,False,
Digital Products,COGS,2026-05-01,207409.44,194644.8,203185.16,-12764.640000000014,-0.0615431968766706,-8540.360000000015,-0.0420324003977456,0.084,False,False,False,
Digital Products,COGS,2026-06-01,209068.72,211446.46,203206.97,2377.7399999999907,0.0113730069232737,8239.48999999999,0.0405472804402328,0.084,False,False,False,
Digital Products,COGS,2026-07-01,210741.27,224514.71,206741.4,13773.440000000002,0.065357108268352,17773.309999999998,0.0859687996695388,0.084,False,True,True,9% above trend forecast
Digital Products,COGS,2026-08-01,212427.2,195353.54,210201.99,-17073.660000000003,-0.0803741705393659,-14848.449999999984,-0.0706389601734978,0.084,False,False,False,
Digital Products,COGS,2026-09-01,214126.62,216103.37,210438.23666666663,1976.75,0.0092316873072577,5665.133333333331,0.026920646281155,0.084,False,False,False,
Digital Products,Headcount Cost,2025-04-01,76500.0,76678.12,,178.11999999999534,0.0023283660130718,,,0.075,False,False,False,
Digital Products,Headcount Cost,2025-05-01,76959.0,73440.53,,-3518.470000000001,-0.0457187593393885,,,0.075,False,False,False,
Digital Products,Headcount Cost,2025-06-01,77420.75,78528.76,,1108.0099999999948,0.0143115379274935,,,0.075,False,False,False,
Digital Products,Headcount Cost,2025-07-01,77885.28,79632.35,76215.80333333333,1747.070000000007,0.0224313246354125,3416.546666666676,0.0448272735737528,0.075,False,False,False,
Digital Products,Headcount Cost,2025-08-01,78352.59,81746.99,77200.54666666668,3394.4000000000087,0.0433221160908657,4546.443333333329,0.0588913360026292,0.075,False,False,False,
Digital Products,Headcount Cost,2025-09-01,78822.71,82145.25,79969.36666666667,3322.5399999999936,0.0421520650584075,2175.8833333333314,0.0272089604310983,0.075,False,False,False,
Digital Products,Headcount Cost,2025-10-01,79295.64,74925.91,81174.86333333334,-4369.729999999996,-0.0551068129344815,-6248.953333333338,-0.0769813840975977,0.075,False,True,True,8% below trend forecast
Digital Products,Headcount Cost,2025-11-01,79771.42,76778.95,79606.05,-2992.470000000001,-0.0375130591883659,-2827.100000000006,-0.0355136324437653,0.075,False,False,False,
Digital Products,Headcount Cost,2025-12-01,80250.04,81903.31,77950.03666666667,1653.270000000004,0.0206014850584498,3953.273333333331,0.0507154775338784,0.075,False,False,False,
Digital Products,Headcount Cost,2026-01-01,80731.54,82390.69,77869.39,1659.1500000000087,0.0205514474268669,4521.300000000003,0.0580626097109532,0.075,False,False,False,
Digital Products,Headcount Cost,2026-02-01,81215.93,82889.14,80357.65000000001,1673.2100000000064,0.0206019927371392,2531.4899999999907,0.0315027878490721,0.075,False,False,False,
Digital Products,Headcount Cost,2026-03-01,81703.23,94294.45,82394.37999999999,12591.22,0.1541092071880145,11900.070000000009,0.1444281758051945,0.075,True,True,True,15% over budget; 14% above trend forecast
Digital Products,Headcount Cost,2026-04-01,82193.45,84070.39,86524.76000000001,1876.9400000000023,0.0228356395795529,-2454.37000000001,-0.0283661000619939,0.075,False,False,False,
Digital Products,Headcount Cost,2026-05-01,82686.61,86442.45,87084.66,3755.839999999997,0.045422590187214,-642.2100000000064,-0.0073745479399013,0.075,False,False,False,
Digital Products,Headcount Cost,2026-06-01,83182.73,86356.99,88269.09666666666,3174.2600000000093,0.0381600844309871,-1912.1066666666595,-0.0216622435130089,0.075,False,False,False,
Digital Products,Headcount Cost,2026-07-01,83681.83,85862.21,85623.27666666666,2180.3800000000047,0.026055596537504,238.93333333334888,0.0027905184505321,0.075,False,False,False,
Digital Products,Headcount Cost,2026-08-01,84183.92,83122.29,86220.55,-1061.6300000000049,-0.0126108406451018,-3098.2600000000093,-0.0359341247533216,0.075,False,False,False,
Digital Products,Headcount Cost,2026-09-01,84689.02,87260.07,85113.83,2571.050000000003,0.030358717104059,2146.240000000005,0.0252161135270261,0.075,False,False,False,
Digital Products,Opex: Marketing,2025-04-01,51000.0,54008.1,,3008.0999999999985,0.0589823529411764,,,0.285,False,False,False,
Digital Products,Opex: Marketing,2025-05-01,51255.0,58290.95,,7035.949999999997,0.1372734367378791,,,0.285,False,False,False,
Digital Products,Opex: Marketing,2025-06-01,51511.27,42983.96,,-8527.309999999998,-0.1655426084427737,,,0.285,False,False,False,
Digital Products,Opex: Marketing,2025-07-01,51768.83,42550.43,51761.00333333333,-9218.4,-0.1780685404711677,-9210.573333333334,-0.1779442580356988,0.285,False,False,False,
Digital Products,Opex: Marketing,2025-08-01,52027.68,57141.54,47941.78,5113.860000000001,0.0982911404083365,9199.760000000002,0.1918944186052333,0.285,False,False,False,
Digital Products,Opex: Marketing,2025-09-01,52287.81,55662.87,47558.64333333333,3375.060000000005,0.0645477406684274,8104.226666666669,0.1704049169330805,0.285,False,False,False,
Digital Products,Opex: Marketing,2025-10-01,52549.25,55574.72,51784.94666666666,3025.470000000001,0.0575739901140359,3789.773333333338,0.0731829146745606,0.285,False,False,False,
Digital Products,Opex: Marketing,2025-11-01,52812.0,56612.73,56126.37666666667,3800.730000000003,0.0719671665530561,486.35333333333256,0.0086653256849586,0.285,False,False,False,
Digital Products,Opex: Marketing,2025-12-01,53076.06,48723.63,55950.10666666667,-4352.43,-0.0820036377982842,-7226.476666666669,-0.129159300977204,0.285,False,False,False,
Digital Products,Opex: Marketing,2026-01-01,53341.44,56266.58,53637.02666666667,2925.1399999999994,0.054838039617978,2629.5533333333296,0.0490249645953528,0.285,False,False,False,
Digital Products,Opex: Marketing,2026-02-01,53608.15,57036.97,53867.64666666667,3428.82,0.0639607970056791,3169.3233333333337,0.0588353776236991,0.285,False,False,False,
Digital Products,Opex: Marketing,2026-03-01,53876.19,49180.73,54009.06,-4695.459999999999,-0.0871527849315254,-4828.3299999999945,-0.0893985194335912,0.285,False,False,False,
Digital Products,Opex: Marketing,2026-04-01,54145.57,70381.99,54161.426666666666,16236.420000000006,0.2998660832271228,16220.56333333334,0.299485525615155,0.285,True,True,True,30% over budget; 30% above trend forecast
Digital Products,Opex: Marketing,2026-05-01,54416.3,59372.26,58866.56333333333,4955.959999999999,0.091074916890711,505.6966666666704,0.0085905586810487,0.285,False,False,False,
Digital Products,Opex: Marketing,2026-06-01,54688.38,46009.58,59644.99333333334,-8678.799999999996,-0.1586955035054978,-13635.413333333338,-0.2286095206202834,0.285,False,False,False,
Digital Products,Opex: Marketing,2026-07-01,54961.82,61473.86,58587.943333333336,6512.040000000001,0.1184829760004308,2885.916666666664,0.0492578592535221,0.285,False,False,False,
Digital Products,Opex: Marketing,2026-08-01,55236.63,48265.64,55618.56666666667,-6970.989999999998,-0.1262023045214742,-7352.926666666674,-0.1322027356572176,0.285,False,False,False,
Digital Products,Opex: Marketing,2026-09-01,55512.81,63177.06,51916.35999999999,7664.25,0.1380627282243504,11260.700000000004,0.2169007996708553,0.285,False,False,False,
Digital Products,Opex: Other,2025-04-01,21250.0,22792.04,,1542.0400000000009,0.0725665882352941,,,0.163,False,False,False,
Digital Products,Opex: Other,2025-05-01,21313.75,19699.96,,-1613.7900000000009,-0.0757159110902586,,,0.163,False,False,False,
Digital Products,Opex: Other,2025-06-01,21377.69,19302.15,,-2075.539999999997,-0.0970890680892087,,,0.163,False,False,False,
Digital Products,Opex: Other,2025-07-01,21441.82,22690.75,20598.05,1248.9300000000003,0.0582473875818377,2092.7000000000007,0.1015969958321297,0.163,False,False,False,
Digital Products,Opex: Other,2025-08-01,21506.15,21240.63,20564.286666666667,-265.52000000000044,-0.0123462358441655,676.3433333333342,0.0328892192710793,0.163,False,False,False,
Digital Products,Opex: Other,2025-09-01,21570.67,23326.52,21077.84333333333,1755.8500000000022,0.0813998823402333,2248.6766666666663,0.1066843808972865,0.163,False,False,False,
Digital Products,Opex: Other,2025-10-01,21635.38,22875.6,22419.3,1240.2199999999975,0.0573236984975534,456.2999999999993,0.0203529994246028,0.163,False,False,False,
Digital Products,Opex: Other,2025-11-01,21700.29,21759.25,22480.916666666668,58.95999999999913,0.0027170143809137,-721.6666666666679,-0.0321013007328438,0.163,False,False,False,
Digital Products,Opex: Other,2025-12-01,21765.39,20139.96,22653.79,-1625.4300000000003,-0.0746795715583318,-2513.829999999998,-0.1109673039257448,0.163,False,False,False,
Digital Products,Opex: Other,2026-01-01,21830.68,18741.98,21591.603333333333,-3088.7000000000007,-0.1414843697035548,-2849.623333333333,-0.1319783107044235,0.163,False,False,False,
Digital Products,Opex: Other,2026-02-01,21896.18,21137.44,20213.73,-758.7400000000016,-0.0346517063707003,923.7099999999992,0.045697157328212,0.163,False,False,False,
Digital Products,Opex: Other,2026-03-01,21961.86,24062.29,20006.46,2100.4300000000003,0.0956398957101083,4055.8300000000017,0.2027260194957029,0.163,False,True,True,20% above trend forecast
Digital Products,Opex: Other,2026-04-01,22027.75,22719.63,21313.90333333333,691.880000000001,0.0314094721430922,1405.7266666666692,0.0659535067172899,0.163,False,False,False,
Digital Products,Opex: Other,2026-05-01,22093.83,19562.46,22639.786666666667,-2531.3700000000026,-0.1145736162539497,-3077.326666666668,-0.135925603539256,0.163,False,False,False,
Digital Products,Opex: Other,2026-06-01,22160.11,22765.49,22114.79333333333,605.380000000001,0.0273184564517053,650.6966666666667,0.0294235924730926,0.163,False,False,False,
Digital Products,Opex: Other,2026-07-01,22226.59,23305.29,21682.52666666667,1078.7000000000007,0.048531961043057,1622.7633333333324,0.0748419848978239,0.163,False,False,False,
Digital Products,Opex: Other,2026-08-01,22293.27,20545.8,21877.746666666662,-1747.4700000000012,-0.0783855396718382,-1331.946666666663,-0.0608813460984097,0.163,False,False,False,
Digital Products,Opex: Other,2026-09-01,22360.15,22927.49,22205.52666666667,567.3400000000001,0.0253728172664315,721.9633333333331,0.0325127768492468,0.163,False,False,False,
Digital Products,Opex: Salaries,2025-04-01,127500.0,130656.63,,3156.6300000000047,0.0247578823529412,,,0.071,False,False,False,
Digital Products,Opex: Salaries,2025-05-01,128010.0,123578.23,,-4431.770000000004,-0.0346204983985626,,,0.071,False,False,False,
Digital Products,Opex: Salaries,2025-06-01,128522.04,130951.27,,2429.2300000000105,0.018901271719621,,,0.071,False,False,False,
Digital Products,Opex: Salaries,2025-07-01,129036.13,129343.68,128395.37666666666,307.5499999999884,0.0023834409788947,948.3033333333296,0.0073858059219317,0.071,False,False,False,
Digital Products,Opex: Salaries,2025-08-01,129552.27,131451.74,127957.72666666668,1899.4699999999864,0.0146618040733673,3494.013333333321,0.027305997256698,0.071,False,False,False,
Digital Products,Opex: Salaries,2025-09-01,130070.48,136171.28,130582.23,6100.800000000003,0.0469038016927438,5589.050000000003,0.0428009997991304,0.071,False,False,False,
Digital Products,Opex: Salaries,2025-10-01,130590.76,128323.49,132322.2333333333,-2267.269999999989,-0.0173616418190688,-3998.743333333303,-0.0302197388345166,0.071,False,False,False,
Digital Products,Opex: Salaries,2025-11-01,131113.13,126837.25,131982.17,-4275.880000000005,-0.0326121418960862,-5144.920000000013,-0.0389819321806878,0.071,False,False,False,
Digital Products,Opex: Salaries,2025-12-01,131637.58,126808.4,130444.00666666668,-4829.179999999993,-0.0366854206830602,-3635.606666666674,-0.0278710134683076,0.071,False,False,False,
Digital Products,Opex: Salaries,2026-01-01,132164.13,127607.86,127323.04666666668,-4556.270000000004,-0.0344743312727894,284.8133333333244,0.0022369346382275,0.071,False,False,False,
Digital Products,Opex: Salaries,2026-02-01,132692.79,131058.93,127084.50333333334,-1633.8600000000151,-0.0123131030706341,3974.426666666652,0.0312738891243255,0.071,False,False,False,
Digital Products,Opex: Salaries,2026-03-01,133223.56,133254.81,128491.73,31.25,0.0002345681199331,4763.080000000002,0.0370691561238999,0.071,False,False,False,
Digital Products,Opex: Salaries,2026-04-01,133756.45,133529.16,130640.53333333333,-227.29000000000812,-0.0016992825392719,2888.626666666678,0.0221112589864912,0.071,False,False,False,
Digital Products,Opex: Salaries,2026-05-01,134291.48,136281.07,132614.30000000002,1989.5899999999965,0.0148154596255845,3666.7699999999895,0.0276498839114634,0.071,False,False,False,
Digital Products,Opex: Salaries,2026-06-01,134828.64,133532.95,134355.01333333334,-1295.6900000000023,-0.0096099018724805,-822.0633333333244,-0.0061185906870017,0.071,False,False,False,
Digital Products,Opex: Salaries,2026-07-01,135367.96,139917.14,134447.72666666668,4549.180000000022,0.0336060320329864,5469.41333333333,0.0406805936324496,0.071,False,False,False,
Digital Products,Opex: Salaries,2026-08-01,135909.43,133471.25,136577.05333333334,-2438.179999999993,-0.0179397411938229,-3105.803333333344,-0.0227403012258087,0.071,False,False,False,
Digital Products,Opex: Salaries,2026-09-01,136453.07,146223.8,135640.44666666668,9770.72999999998,0.0716050580613538,10583.353333333303,0.0780250551617664,0.071,True,True,True,7% over budget; 8% above trend forecast
Digital Products,Revenue,2025-04-01,425000.0,431567.53,,6567.530000000028,0.0154530117647059,,,0.112,False,False,False,
Digital Products,Revenue,2025-05-01,429250.0,427332.65,,-1917.3499999999767,-0.0044667443214909,,,0.112,False,False,False,
Digital Products,Revenue,2025-06-01,433542.5,383630.37,,-49912.130000000005,-0.1151262678976109,,,0.112,True,False,True,12% under budget
Digital Products,Revenue,2025-07-01,437877.93,437181.33,414176.85,-696.5999999999767,-0.0015908543278259,23004.47999999998,0.0555426504402647,0.112,False,False,False,
Digital Products,Revenue,2025-08-01,442256.7,443854.94,416048.1166666667,1598.2399999999907,0.0036138288012369,27806.823333333305,0.0668355947771585,0.112,False,False,False,
Digital Products,Revenue,2025-09-01,446679.27,512696.02,421555.5466666667,66016.75,0.1477945237978024,91140.47333333331,0.2162003893769191,0.112,True,True,True,15% over budget; 22% above trend forecast
Digital Products,Revenue,2025-10-01,451146.06,445939.09,464577.43,-5206.969999999972,-0.0115416501697919,-18638.339999999967,-0.0401189097800122,0.112,False,False,False,
Digital Products,Revenue,2025-11-01,455657.52,463901.66,467496.68333333335,8244.139999999956,0.0180928430633602,-3595.0233333333745,-0.0076899440391752,0.112,False,False,False,
Digital Products,Revenue,2025-12-01,460214.1,459255.61,474178.9233333333,-958.4899999999908,-0.002082704549904,-14923.313333333354,-0.0314719035346974,0.112,False,False,False,
Digital Products,Revenue,2026-01-01,464816.24,432223.01,456365.4533333333,-32593.22999999998,-0.0701206782275937,-24142.4433333333,-0.052901557637623,0.112,False,False,False,
Digital Products,Revenue,2026-02-01,469464.4,375571.52,451793.4266666666,-93892.88,-0.2,-76221.90666666656,-0.1687096406626188,0.112,True,True,True,20% under budget; 17% below trend forecast
Digital Products,Revenue,2026-03-01,474159.05,495551.2,422350.0466666667,21392.150000000023,0.0451159795431512,73201.15333333332,0.1733186817689787,0.112,False,True,True,17% above trend forecast
Digital Products,Revenue,2026-04-01,478900.64,501630.18,434448.57666666666,22729.53999999998,0.0474619119322955,67181.60333333333,0.154636490810462,0.112,False,True,True,15% above trend forecast
Digital Products,Revenue,2026-05-01,483689.64,457297.97,457584.3,-26391.67000000004,-0.0545632319104458,-286.3300000000163,-0.0006257426227255,0.112,False,False,False,
Digital Products,Revenue,2026-06-01,488526.54,529644.68,484826.45,41118.14000000007,0.0841676687616604,44818.23000000004,0.0924418005659551,0.112,False,False,False,
Digital Products,Revenue,2026-07-01,493411.81,451910.41,496190.94333333336,-41501.40000000002,-0.0841110795463124,-44280.53333333338,-0.0892409140639764,0.112,False,False,False,
Digital Products,Revenue,2026-08-01,498345.92,515893.39,479617.6866666667,17547.47000000003,0.0352114250278201,36275.70333333331,0.0756346238718774,0.112,False,False,False,
Digital Products,Revenue,2026-09-01,503329.38,569480.62,499149.49333333335,66151.23999999999,0.1314273369061031,70331.12666666665,0.1409019293939247,0.112,True,True,True,13% over budget; 14% above trend forecast
Enterprise Services,COGS,2025-04-01,242000.0,267941.72,,25941.71999999997,0.1071971900826445,,,0.084,True,False,True,11% over budget
Enterprise Services,COGS,2025-05-01,243936.0,251667.78,,7731.779999999999,0.0316959366391184,,,0.084,False,False,False,
Enterprise Services,COGS,2025-06-01,245887.49,220989.63,,-24897.859999999982,-0.1012571237357377,,,0.084,True,False,True,10% under budget
Enterprise Services,COGS,2025-07-01,247854.59,250165.27,246866.37666666668,2310.679999999993,0.0093227242634481,3298.893333333312,0.0133630726787377,0.084,False,False,False,
Enterprise Services,COGS,2025-08-01,249837.42,241570.47,240940.8933333333,-8266.950000000012,-0.0330893186457017,629.5766666666896,0.0026129921656582,0.084,False,False,False,
Enterprise Services,COGS,2025-09-01,251836.12,262569.8,237575.1233333333,10733.679999999991,0.0426216858804844,24994.676666666663,0.1052074658153392,0.084,False,True,True,11% above trend forecast
Enterprise Services,COGS,2025-10-01,253850.81,243791.71,251435.18,-10059.100000000006,-0.0396260307382907,-7643.469999999972,-0.0303993657530341,0.084,False,False,False,
Enterprise Services,COGS,2025-11-01,255881.62,254413.67,249310.66,-1467.9499999999823,-0.0057368325243524,5103.010000000009,0.0204684789651594,0.084,False,False,False,
Enterprise Services,COGS,2025-12-01,257928.67,264441.21,253591.72666666663,6512.540000000008,0.0252493838703545,10849.483333333366,0.0427832700851256,0.084,False,False,False,
Enterprise Services,COGS,2026-01-01,259992.1,271246.58,254215.53,11254.48000000001,0.0432877768209111,17031.050000000017,0.0669945301925496,0.084,False,False,False,
Enterprise Services,COGS,2026-02-01,262072.04,246343.83,263367.1533333333,-15728.21000000002,-0.0600148340891306,-17023.323333333334,-0.0646372302615413,0.084,False,False,False,
Enterprise Services,COGS,2026-03-01,264168.61,259750.38,260677.2066666667,-4418.229999999981,-0.0167250378460937,-926.8266666666603,-0.0035554572588765,0.084,False,False,False,
Enterprise Services,COGS,2026-04-01,266281.96,259958.5,259113.59666666665,-6323.460000000021,-0.0237472339470537,844.90333333335,0.0032607448787037,0.084,False,False,False,
Enterprise Services,COGS,2026-05-01,268412.22,259644.14,255350.9033333333,-8768.079999999958,-0.0326664709974827,4293.236666666693,0.0168130858776024,0.084,False,False,False,
Enterprise Services,COGS,2026-06-01,270559.52,294442.54,259784.34,23883.01999999996,0.0882727024353087,34658.19999999998,0.1334114288798161,0.084,True,True,True,9% over budget; 13% above trend forecast
Enterprise Services,COGS,2026-07-01,272723.99,278246.4,271348.3933333333,5522.410000000033,0.0202490803980978,6898.006666666712,0.0254212180213389,0.084,False,False,False,
Enterprise Services,COGS,2026-08-01,274905.79,257574.57,277444.36,-17331.219999999972,-0.0630442159839557,-19869.78999999998,-0.0716172064193338,0.084,False,False,False,
Enterprise Services,COGS,2026-09-01,277105.03,289822.24,276754.50333333336,12717.209999999965,0.045893104141776,13067.736666666637,0.0472177923367966,0.084,False,False,False,
Enterprise Services,Headcount Cost,2025-04-01,99000.0,104059.55,,5059.550000000003,0.0511065656565656,,,0.075,False,False,False,
Enterprise Services,Headcount Cost,2025-05-01,99594.0,97237.32,,-2356.679999999993,-0.0236628712573045,,,0.075,False,False,False,
Enterprise Services,Headcount Cost,2025-06-01,100191.56,102384.15,,2192.5899999999965,0.0218839790497323,,,0.075,False,False,False,
Enterprise Services,Headcount Cost,2025-07-01,100792.71,99977.53,101227.00666666668,-815.1800000000076,-0.0080876880877595,-1249.4766666666692,-0.0123433133885022,0.075,False,False,False,
Enterprise Services,Headcount Cost,2025-08-01,101397.47,100514.58,99866.33333333331,-882.8899999999994,-0.0087072192235171,648.2466666666733,0.006491143161359,0.075,False,False,False,
Enterprise Services,Headcount Cost,2025-09-01,102005.85,106489.12,100958.75333333334,4483.2699999999895,0.0439511067257416,5530.366666666654,0.0547784762001484,0.075,False,False,False,
Enterprise Services,Headcount Cost,2025-10-01,102617.89,106005.99,102327.07666666666,3388.100000000006,0.0330166601554563,3678.913333333345,0.0359524912972693,0.075,False,False,False,
Enterprise Services,Headcount Cost,2025-11-01,103233.6,106592.86,104336.56333333334,3359.2599999999948,0.0325403744517288,2256.2966666666616,0.0216251771630456,0.075,False,False,False,
Enterprise Services,Headcount Cost,2025-12-01,103853.0,109276.11,106362.65666666666,5423.110000000001,0.0522190981483443,2913.4533333333384,0.0273916938955737,0.075,False,False,False,
Enterprise Services,Headcount Cost,2026-01-01,104476.12,104563.89,107291.65333333334,87.77000000000407,0.0008400962822892,-2727.763333333336,-0.0254238167516976,0.075,False,False,False,
Enterprise Services,Headcount Cost,2026-02-01,105102.97,107969.98,106810.95333333332,2867.0099999999948,0.0272781064131679,1159.026666666672,0.0108511967218343,0.075,False,False,False,
Enterprise Services,Headcount Cost,2026-03-01,105733.59,104421.37,107269.99333333332,-1312.2200000000012,-0.0124106256110286,-2848.6233333333366,-0.0265556400705783,0.075,False,False,False,
Enterprise Services,Headcount Cost,2026-04-01,106367.99,79775.99,105651.74666666666,-26592.0,-0.2500000235033114,-25875.756666666653,-0.2449155596859669,0.075,True,True,True,25% under budget; 24% below trend forecast
Enterprise Services,Headcount Cost,2026-05-01,107006.2,106449.16,97389.11333333331,-557.0399999999936,-0.0052056796708975,9060.046666666676,0.0930293577646291,0.075,False,True,True,9% above trend forecast
Enterprise Services,Headcount Cost,2026-06-01,107648.24,108065.9,96882.17333333334,417.65999999998894,0.0038798590669015,11183.726666666656,0.1154363726770234,0.075,False,True,True,12% above trend forecast
Enterprise Services,Headcount Cost,2026-07-01,108294.13,110872.21,98097.01666666668,2578.0800000000017,0.0238062764805442,12775.193333333327,0.1302301921855931,0.075,False,True,True,13% above trend forecast
Enterprise Services,Headcount Cost,2026-08-01,108943.89,105378.29,108462.42333333334,-3565.600000000006,-0.0327287744177301,-3084.133333333346,-0.0284350398833981,0.075,False,False,False,
Enterprise Services,Headcount Cost,2026-09-01,109597.56,118770.38,108105.46666666667,9172.820000000009,0.0836954764321396,10664.91333333333,0.0986528587515154,0.075,True,True,True,8% over budget; 10% above trend forecast
Enterprise Services,Opex: Marketing,2025-04-01,66000.0,88329.35,,22329.35000000001,0.3383234848484849,,,0.285,True,False,True,34% over budget
Enterprise Services,Opex: Marketing,2025-05-01,66330.0,77929.11,,11599.11,0.1748697421981004,,,0.285,False,False,False,
Enterprise Services,Opex: Marketing,2025-06-01,66661.65,52802.33,,-13859.319999999992,-0.2079054448847274,,,0.285,False,False,False,
Enterprise Services,Opex: Marketing,2025-07-01,66994.96,63468.67,73020.26333333334,-3526.290000000008,-0.0526351534503492,-9551.593333333338,-0.1308074347764381,0.285,False,False,False,
Enterprise Services,Opex: Marketing,2025-08-01,67329.93,81471.69,64733.37,14141.76000000001,0.2100367548280536,16738.320000000007,0.2585732829914464,0.285,False,False,False,
Enterprise Services,Opex: Marketing,2025-09-01,67666.58,61837.08,65914.23,-5829.5,-0.0861503566457769,-4077.149999999994,-0.0618553838829641,0.285,False,False,False,
Enterprise Services,Opex: Marketing,2025-10-01,68004.92,73892.3,68925.81333333334,5887.380000000005,0.086572853846457,4966.486666666664,0.0720555395211392,0.285,False,False,False,
Enterprise Services,Opex: Marketing,2025-11-01,68344.94,77653.19,72400.35666666667,9308.25,0.1361951594368215,5252.8333333333285,0.0725525891746296,0.285,False,False,False,
Enterprise Services,Opex: Marketing,2025-12-01,68686.66,60510.23,71127.52333333333,-8176.43,-0.1190395631407903,-10617.293333333328,-0.1492712361651656,0.285,False,False,False,
Enterprise Services,Opex: Marketing,2026-01-01,69030.1,69794.34,70685.24,764.2399999999907,0.0110711124567397,-890.9000000000087,-0.0126037628223375,0.285,False,False,False,
Enterprise Services,Opex: Marketing,2026-02-01,69375.25,37033.19,69319.25333333334,-32342.06,-0.466190175891258,-32286.06333333334,-0.4657589598964713,0.285,True,True,True,47% under budget; 47% below trend forecast
Enterprise Services,Opex: Marketing,2026-03-01,69722.12,60403.19,55779.25333333333,-9318.929999999991,-0.1336581561203244,4623.936666666668,0.0828970699739258,0.285,False,False,False,
Enterprise Services,Opex: Marketing,2026-04-01,70070.74,68817.5,55743.57333333333,-1253.2400000000052,-0.0178853541435413,13073.926666666666,0.2345369319703939,0.285,False,False,False,
Enterprise Services,Opex: Marketing,2026-05-01,70421.09,58648.97,55417.96,-11772.119999999995,-0.1671675346121452,3231.010000000002,0.0583025791638667,0.285,False,False,False,
Enterprise Services,Opex: Marketing,2026-06-01,70773.19,89518.3,62623.22,18745.11,0.2648617364852425,26895.08,0.4294745623109128,0.285,False,True,True,43% above trend forecast
Enterprise Services,Opex: Marketing,2026-07-01,71127.06,57291.34,72328.25666666667,-13835.72,-0.1945211850454665,-15036.916666666672,-0.2078982317514727,0.285,False,False,False,
Enterprise Services,Opex: Marketing,2026-08-01,71482.7,68194.01,68486.20333333332,-3288.6900000000023,-0.0460067960499533,-292.19333333332906,-0.0042664554189283,0.285,False,False,False,
Enterprise Services,Opex: Marketing,2026-09-01,71840.11,74685.77,71667.88333333333,2845.6600000000035,0.039611019526557,3017.8866666666727,0.042109331632277,0.285,False,False,False,
Enterprise Services,Opex: Other,2025-04-01,27500.0,28547.73,,1047.7299999999996,0.0380992727272727,,,0.163,False,False,False,
Enterprise Services,Opex: Other,2025-05-01,27582.5,26140.76,,-1441.7400000000016,-0.0522700987945255,,,0.163,False,False,False,
Enterprise Services,Opex: Other,2025-06-01,27665.25,27366.12,,-299.130000000001,-0.0108124813619974,,,0.163,False,False,False,
Enterprise Services,Opex: Other,2025-07-01,27748.24,26657.73,27351.536666666667,-1090.510000000002,-0.0393001502077249,-693.8066666666673,-0.0253662774096422,0.163,False,False,False,
Enterprise Services,Opex: Other,2025-08-01,27831.49,26469.51,26721.536666666667,-1361.9800000000032,-0.0489366541281118,-252.0266666666685,-0.0094315933177995,0.163,False,False,False,
Enterprise Services,Opex: Other,2025-09-01,27914.98,30565.8,26831.12,2650.82,0.0949604835826498,3734.68,0.1391921023050845,0.163,False,False,False,
Enterprise Services,Opex: Other,2025-10-01,27998.73,29278.31,27897.680000000004,1279.5800000000015,0.0457013585973364,1380.6299999999974,0.0494890614560062,0.163,False,False,False,
Enterprise Services,Opex: Other,2025-11-01,28082.72,26417.67,28771.206666666665,-1665.050000000003,-0.0592909091427042,-2353.536666666667,-0.0818018060185634,0.163,False,False,False,
Enterprise Services,Opex: Other,2025-12-01,28166.97,30982.54,28753.926666666663,2815.57,0.0999599885965725,2228.6133333333346,0.0775063997056402,0.163,False,False,False,
Enterprise Services,Opex: Other,2026-01-01,28251.47,29402.15,28892.84,1150.6800000000003,0.0407299160008311,509.3100000000013,0.0176275506319213,0.163,False,False,False,
Enterprise Services,Opex: Other,2026-02-01,28336.23,30922.93,28934.12,2586.7000000000007,0.0912859614705273,1988.8100000000013,0.0687358039574039,0.163,False,False,False,
Enterprise Services,Opex: Other,2026-03-01,28421.24,30494.93,30435.873333333337,2073.6899999999987,0.0729626856534056,59.05666666666366,0.0019403637943907,0.163,False,False,False,
Enterprise Services,Opex: Other,2026-04-01,28506.5,26428.39,30273.336666666662,-2078.1100000000006,-0.0728995141458965,-3844.9466666666663,-0.1270076935688512,0.163,False,False,False,
Enterprise Services,Opex: Other,2026-05-01,28592.02,27276.27,29282.08333333333,-1315.75,-0.0460180847663089,-2005.813333333332,-0.0684996798383539,0.163,False,False,False,
Enterprise Services,Opex: Other,2026-06-01,28677.8,31107.65,28066.53,2429.850000000002,0.0847293028056546,3041.1200000000026,0.1083539717948746,0.163,False,False,False,
Enterprise Services,Opex: Other,2026-07-01,28763.83,30807.13,28270.77,2043.2999999999995,0.0710371323985713,2536.3600000000006,0.0897166932488927,0.163,False,False,False,
Enterprise Services,Opex: Other,2026-08-01,28850.12,29078.32,29730.35,228.20000000000076,0.0079098457822706,-652.0300000000025,-0.0219314606117991,0.163,False,False,False,
Enterprise Services,Opex: Other,2026-09-01,28936.67,29565.54,30331.033333333336,628.8700000000026,0.0217326319856432,-765.4933333333356,-0.0252379576033787,0.163,False,False,False,
Enterprise Services,Opex: Salaries,2025-04-01,165000.0,170484.3,,5484.299999999988,0.0332381818181817,,,0.071,False,False,False,
Enterprise Services,Opex: Salaries,2025-05-01,165660.0,156867.45,,-8792.549999999988,-0.0530758783049619,,,0.071,False,False,False,
Enterprise Services,Opex: Salaries,2025-06-01,166322.64,170463.23,,4140.5899999999965,0.024894927112749,,,0.071,False,False,False,
Enterprise Services,Opex: Salaries,2025-07-01,166987.93,165369.32,165938.32666666666,-1618.609999999986,-0.0096929760132962,-569.0066666666535,-0.0034290249763073,0.071,False,False,False,
Enterprise Services,Opex: Salaries,2025-08-01,167655.88,161042.65,164233.33333333334,-6613.2300000000105,-0.0394452613293372,-3190.683333333349,-0.0194277450781409,0.071,False,False,False,
Enterprise Services,Opex: Salaries,2025-09-01,168326.51,168976.77,165625.06666666668,650.2599999999802,0.0038630872819734,3351.7033333333093,0.0202366912254826,0.071,False,False,False,
Enterprise Services,Opex: Salaries,2025-10-01,168999.81,168319.05,165129.58,-680.7600000000093,-0.0040281702091854,3189.470000000001,0.0193149525360629,0.071,False,False,False,
Enterprise Services,Opex: Salaries,2025-11-01,169675.81,164923.78,166112.82333333333,-4752.029999999999,-0.0280065260923168,-1189.0433333333349,-0.0071580466183957,0.071,False,False,False,
Enterprise Services,Opex: Salaries,2025-12-01,170354.51,169007.7,167406.53333333333,-1346.8099999999977,-0.0079059251205031,1601.166666666686,0.0095645410891969,0.071,False,False,False,
Enterprise Services,Opex: Salaries,2026-01-01,171035.93,167348.5,167416.84333333332,-3687.429999999993,-0.0215593881355805,-68.34333333332324,-0.0004082225657381,0.071,False,False,False,
Enterprise Services,Opex: Salaries,2026-02-01,171720.08,170587.67,167093.32666666666,-1132.4099999999744,-0.0065945112534304,3494.3433333333523,0.020912524773082,0.071,False,False,False,
Enterprise Services,Opex: Salaries,2026-03-01,172406.96,174107.56,168981.29,1700.6000000000058,0.0098638709249325,5126.2699999999895,0.0303363171153444,0.071,False,False,False,
Enterprise Services,Opex: Salaries,2026-04-01,173096.58,179601.64,170681.24333333332,6505.060000000027,0.0375805229658496,8920.396666666697,0.0522634853862971,0.071,False,False,False,
Enterprise Services,Opex: Salaries,2026-05-01,173788.97,165597.52,174765.62333333332,-8191.450000000012,-0.0471344642873481,-9168.103333333333,-0.052459420556907,0.071,False,False,False,
Enterprise Services,Opex: Salaries,2026-06-01,174484.13,183904.7,173102.24,9420.570000000009,0.0539909847388413,10802.46000000002,0.0624050849948563,0.071,False,False,False,
Enterprise Services,Opex: Salaries,2026-07-01,175182.06,163171.12,176367.95333333337,-12010.940000000002,-0.0685626142311604,-13196.833333333372,-0.074825573943082,0.071,False,True,True,7% below trend forecast
Enterprise Services,Opex: Salaries,2026-08-01,175882.79,173323.07,170891.11333333334,-2559.720000000001,-0.014553555808388,2431.956666666665,0.0142310306207847,0.071,False,False,False,
Enterprise Services,Opex: Salaries,2026-09-01,176586.32,177937.12,173466.29666666666,1350.7999999999884,0.007649516678302,4470.823333333334,0.0257734408311286,0.071,False,False,False,
Enterprise Services,Revenue,2025-04-01,550000.0,524496.77,,-25503.22999999998,-0.046369509090909,,,0.112,False,False,False,
Enterprise Services,Revenue,2025-05-01,555500.0,547606.84,,-7893.160000000033,-0.0142091089108911,,,0.112,False,False,False,
Enterprise Services,Revenue,2025-06-01,561055.0,544716.06,,-16338.939999999944,-0.0291218151518121,,,0.112,False,False,False,
Enterprise Services,Revenue,2025-07-01,566665.55,569449.27,538939.89,2783.719999999972,0.0049124567392529,30509.380000000005,0.0566099866907235,0.112,False,False,False,
Enterprise Services,Revenue,2025-08-01,572332.21,651817.42,553924.0566666666,79485.21000000008,0.1388794979754854,97893.3633333334,0.1767270479683146,0.112,True,True,True,14% over budget; 18% above trend forecast
Enterprise Services,Revenue,2025-09-01,578055.53,513292.55,588660.9166666667,-64762.98000000004,-0.1120359146118713,-75368.36666666676,-0.128033583566997,0.112,True,True,True,11% under budget; 13% below trend forecast
Enterprise Services,Revenue,2025-10-01,583836.08,607875.89,578186.4133333333,24039.810000000056,0.0411756155940209,29689.476666666684,0.0513493156912876,0.112,False,False,False,
Enterprise Services,Revenue,2025-11-01,589674.44,532615.8,590995.2866666667,-57058.6399999999,-0.096762952791374,-58379.48666666669,-0.0987816451057314,0.112,False,False,False,
Enterprise Services,Revenue,2025-12-01,595571.19,578707.05,551261.4133333333,-16864.139999999898,-0.0283159096396182,27445.63666666672,0.0497869722110788,0.112,False,False,False,
Enterprise Services,Revenue,2026-01-01,601526.9,640828.88,573066.2466666667,39301.97999999998,0.0653370281528556,67762.6333333333,0.1182457241679923,0.112,False,True,True,12% above trend forecast
Enterprise Services,Revenue,2026-02-01,607542.17,609885.34,584050.5766666667,2343.169999999925,0.0038568022364602,25834.763333333307,0.0442337776306621,0.112,False,False,False,
Enterprise Services,Revenue,2026-03-01,613617.59,573938.2,609807.09,-39679.390000000014,-0.0646646879858838,-35868.890000000014,-0.0588200606194985,0.112,False,False,False,
Enterprise Services,Revenue,2026-04-01,619753.77,593155.04,608217.4733333333,-26598.72999999998,-0.0429182221836262,-15062.433333333232,-0.0247648809738786,0.112,False,False,False,
Enterprise Services,Revenue,2026-05-01,625951.3,651475.01,592326.1933333334,25523.709999999963,0.0407758718609578,59148.81666666665,0.099858519397572,0.112,False,False,False,
Enterprise Services,Revenue,2026-06-01,632210.82,604506.08,606189.4166666666,-27704.73999999999,-0.043821995960145,-1683.3366666666698,-0.0027769153013641,0.112,False,False,False,
Enterprise Services,Revenue,2026-07-01,638532.93,646825.88,616378.71,8292.949999999953,0.0129875055934859,30447.17000000004,0.0493968553845736,0.112,False,False,False,
Enterprise Services,Revenue,2026-08-01,644918.25,646681.66,634268.99,1763.4100000000326,0.0027343155508469,12412.670000000042,0.019570040780332,0.112,False,False,False,
Enterprise Services,Revenue,2026-09-01,651367.44,625901.56,632671.2066666667,-25465.87999999989,-0.0390960285027447,-6769.646666666609,-0.0107001023522685,0.112,False,False,False,
Logistics,COGS,2025-04-01,154000.0,155886.24,,1886.2399999999907,0.0122483116883116,,,0.084,False,False,False,
Logistics,COGS,2025-05-01,155232.0,151297.31,,-3934.6900000000014,-0.0253471578025149,,,0.084,False,False,False,
Logistics,COGS,2025-06-01,156473.86,152788.6,,-3685.25999999998,-0.0235519210684773,,,0.084,False,False,False,
Logistics,COGS,2025-07-01,157725.65,159555.66,153324.05000000002,1830.0100000000093,0.0116024882446197,6231.609999999986,0.0406433954751389,0.084,False,False,False,
Logistics,COGS,2025-08-01,158987.45,147476.09,154547.19,-11511.360000000015,-0.0724042054891754,-7071.100000000006,-0.0457536626838702,0.084,False,False,False,
Logistics,COGS,2025-09-01,160259.35,148981.39,153273.44999999998,-11277.959999999992,-0.0703731794743956,-4292.059999999969,-0.0280026318974353,0.084,False,False,False,
Logistics,COGS,2025-10-01,161541.43,155738.5,152004.38,-5802.929999999993,-0.0359222398860774,3734.1199999999953,0.0245658710623996,0.084,False,False,False,
Logistics,COGS,2025-11-01,162833.76,161095.94,150731.99333333332,-1737.820000000007,-0.0106723568871713,10363.946666666685,0.0687574445044824,0.084,False,False,False,
Logistics,COGS,2025-12-01,164136.43,166687.99,155271.94333333336,2551.5599999999977,0.0155453606490649,11416.046666666633,0.0735229199917913,0.084,False,False,False,
Logistics,COGS,2026-01-01,165449.52,177654.37,161174.14333333334,12204.850000000006,0.0737678175192046,16480.226666666655,0.1022510579292049,0.084,False,True,True,10% above trend forecast
Logistics,COGS,2026-02-01,166773.12,173924.84,168479.43333333335,7151.720000000001,0.0428829298150685,5445.406666666648,0.0323208985152093,0.084,False,False,False,
Logistics,COGS,2026-03-01,168107.3,166762.96,172755.7333333333,-1344.3399999999965,-0.0079969162552726,-5992.773333333316,-0.0346892876878952,0.084,False,False,False,
Logistics,COGS,2026-04-01,169452.16,169291.04,172780.7233333333,-161.11999999999534,-0.000950828835702,-3489.68333333329,-0.0201971797895584,0.084,False,False,False,
Logistics,COGS,2026-05-01,170807.78,162245.79,169992.94666666666,-8561.98999999999,-0.0501264637945648,-7747.156666666648,-0.0455734006532505,0.084,False,False,False,
Logistics,COGS,2026-06-01,172174.24,172014.86,166099.93000000002,-159.38000000000466,-0.0009256901613156,5914.929999999964,0.0356106712386932,0.084,False,False,False,
Logistics,COGS,2026-07-01,173551.63,171046.77,167850.56333333335,-2504.860000000015,-0.0144329384863744,3196.206666666636,0.0190419775971755,0.084,False,False,False,
Logistics,COGS,2026-08-01,174940.05,177762.87,168435.80666666667,2822.820000000007,0.0161359277078062,9327.063333333324,0.055374587612428,0.084,False,False,False,
Logistics,COGS,2026-09-01,176339.57,169045.89,173608.16666666666,-7293.679999999993,-0.0413615616733101,-4562.276666666643,-0.0262791592945415,0.084,False,False,False,
Logistics,Headcount Cost,2025-04-01,63000.0,63837.43,,837.4300000000003,0.0132925396825396,,,0.075,False,False,False,
Logistics,Headcount Cost,2025-05-01,63378.0,61480.5,,-1897.5,-0.0299394111521348,,,0.075,False,False,False,
Logistics,Headcount Cost,2025-06-01,63758.27,67714.22,,3955.950000000005,0.0620460686903832,,,0.075,False,False,False,
Logistics,Headcount Cost,2025-07-01,64140.82,64437.6,64344.05,296.77999999999884,0.0046270066394536,93.55000000000292,0.0014539028861254,0.075,False,False,False,
Logistics,Headcount Cost,2025-08-01,64525.66,67569.46,64544.10666666667,3043.800000000003,0.0471719312905904,3025.35333333334,0.0468726501856715,0.075,False,False,False,
Logistics,Headcount Cost,2025-09-01,64912.82,65088.13,66573.76,175.30999999999767,0.0027006991839207,-1485.6299999999974,-0.0223155489490153,0.075,False,False,False,
Logistics,Headcount Cost,2025-10-01,65302.29,70685.16,65698.39666666667,5382.870000000003,0.08243003423004,4986.763333333336,0.0759038817740808,0.075,True,True,True,8% over budget; 8% above trend forecast
Logistics,Headcount Cost,2025-11-01,65694.11,70306.73,67780.91666666667,4612.619999999995,0.0702136005800214,2525.8133333333244,0.0372643725925806,0.075,False,False,False,
Logistics,Headcount Cost,2025-12-01,66088.27,65430.13,68693.34000000001,-658.1400000000067,-0.0099584994432447,-3263.2100000000137,-0.0475040229518613,0.075,False,False,False,
Logistics,Headcount Cost,2026-01-01,66484.8,69068.59,68807.34,2583.7899999999936,0.038862867903641,261.25,0.0037968333029586,0.075,False,False,False,
Logistics,Headcount Cost,2026-02-01,66883.71,68610.32,68268.48333333332,1726.6100000000006,0.0258151050532334,341.8366666666843,0.005007239797574,0.075,False,False,False,
Logistics,Headcount Cost,2026-03-01,67285.01,70968.55,67703.01333333332,3683.540000000008,0.0547453288629965,3265.5366666666814,0.0482332544134916,0.075,False,False,False,
Logistics,Headcount Cost,2026-04-01,67688.72,65076.15,69549.15333333334,-2612.57,-0.0385968297228844,-4473.003333333334,-0.0643142744225115,0.075,False,False,False,
Logistics,Headcount Cost,2026-05-01,68094.85,69963.52,68218.34000000001,1868.6699999999985,0.0274421633941479,1745.179999999993,0.0255822701050772,0.075,False,False,False,
Logistics,Headcount Cost,2026-06-01,68503.42,71403.65,68669.40666666666,2900.229999999996,0.0423370103273675,2734.243333333332,0.039817488836125,0.075,False,False,False,
Logistics,Headcount Cost,2026-07-01,68914.44,64066.34,68814.43999999999,-4848.100000000006,-0.0703495522854137,-4748.099999999991,-0.068998599712502,0.075,False,False,False,
Logistics,Headcount Cost,2026-08-01,69327.93,66046.62,68477.83666666666,-3281.3099999999977,-0.0473302751142288,-2431.21666666666,-0.0355037014165799,0.075,False,False,False,
Logistics,Headcount Cost,2026-09-01,69743.9,64054.94,67172.20333333332,-5688.959999999992,-0.0815692841954635,-3117.263333333321,-0.0464070430720324,0.075,True,False,True,8% under budget
Logistics,Opex: Marketing,2025-04-01,42000.0,46111.88,,4111.879999999997,0.0979019047619047,,,0.285,False,False,False,
Logistics,Opex: Marketing,2025-05-01,42210.0,52758.74,,10548.739999999998,0.2499109215825633,,,0.285,False,False,False,
Logistics,Opex: Marketing,2025-06-01,42421.05,42577.41,,156.36000000000058,0.0036859059358502,,,0.285,False,False,False,
Logistics,Opex: Marketing,2025-07-01,42633.16,46054.75,47149.34333333333,3421.5899999999965,0.0802565420907105,-1094.5933333333303,-0.0232154523467028,0.285,False,False,False,
Logistics,Opex: Marketing,2025-08-01,42846.32,48138.77,47130.3,5292.449999999997,0.1235216933449593,1008.4700000000012,0.0213974873913385,0.285,False,False,False,
Logistics,Opex: Marketing,2025-09-01,43060.55,41330.25,45590.31,-1730.300000000003,-0.0401829516808308,-4260.059999999998,-0.0934422248938425,0.285,False,False,False,
Logistics,Opex: Marketing,2025-10-01,43275.86,45596.04,45174.59,2320.1800000000003,0.0536137236787437,421.4500000000044,0.00932935971306,0.285,False,False,False,
Logistics,Opex: Marketing,2025-11-01,43492.23,44444.23,45021.68666666667,952.0,0.0218889672936982,-577.4566666666651,-0.0128261890973135,0.285,False,False,False,
Logistics,Opex: Marketing,2025-12-01,43709.7,45224.3,43790.17333333334,1514.6000000000058,0.0346513474125881,1434.1266666666634,0.0327499655173777,0.285,False,False,False,
Logistics,Opex: Marketing,2026-01-01,43928.24,39713.26,45088.19,-4214.979999999996,-0.095951488154317,-5374.93,-0.1192092652200055,0.285,False,False,False,
Logistics,Opex: Marketing,2026-02-01,44147.89,45193.15,43127.263333333336,1045.260000000002,0.023676329718136,2065.8866666666654,0.0479021043069507,0.285,False,False,False,
Logistics,Opex: Marketing,2026-03-01,44368.62,48570.32,43376.90333333333,4201.699999999997,0.0946998126153122,5193.416666666672,0.1197276953303337,0.285,False,False,False,
Logistics,Opex: Marketing,2026-04-01,44590.47,55188.35,44492.24333333334,10597.879999999996,0.2376714127480602,10696.10666666666,0.2404038516676275,0.285,False,False,False,
Logistics,Opex: Marketing,2026-05-01,44813.42,52157.92,49650.60666666667,7344.5,0.1638906381168855,2507.313333333332,0.0504991479795278,0.285,False,False,False,
Logistics,Opex: Marketing,2026-06-01,45037.49,60484.33,51972.19666666666,15446.840000000004,0.3429773728509294,8512.133333333339,0.1637824429074546,0.285,True,False,True,34% over budget
Logistics,Opex: Marketing,2026-07-01,45262.67,40958.1,55943.53333333333,-4304.57,-0.0951019902272667,-14985.433333333334,-0.2678671231587088,0.285,False,False,False,
Logistics,Opex: Marketing,2026-08-01,45488.99,52350.92,51200.11666666666,6861.93,0.1508481502886742,1150.803333333337,0.0224765763880096,0.285,False,False,False,
Logistics,Opex: Marketing,2026-09-01,45716.43,47888.02,51264.45,2171.5899999999965,0.0475013031419994,-3376.430000000008,-0.065862990825026,0.285,False,False,False,
Logistics,Opex: Other,2025-04-01,17500.0,14677.01,,-2822.99,-0.1613137142857142,,,0.163,False,False,False,
Logistics,Opex: Other,2025-05-01,17552.5,20104.41,,2551.91,0.1453872667711152,,,0.163,False,False,False,
Logistics,Opex: Other,2025-06-01,17605.16,17579.56,,-25.599999999998545,-0.001454119133254,,,0.163,False,False,False,
Logistics,Opex: Other,2025-07-01,17657.97,20020.29,17453.66,2362.32,0.1337820825383665,2566.630000000001,0.1470539703420372,0.163,False,False,False,
Logistics,Opex: Other,2025-08-01,17710.95,15064.17,19234.75333333333,-2646.7800000000007,-0.1494431411076199,-4170.583333333334,-0.2168254128897936,0.163,False,True,True,22% below trend forecast
Logistics,Opex: Other,2025-09-01,17764.08,28422.53,17554.673333333336,10658.449999999995,0.6000001125867479,10867.856666666665,0.6190862376248525,0.163,True,True,True,60% over budget; 62% above trend forecast
Logistics,Opex: Other,2025-10-01,17817.37,18004.89,21168.99666666667,187.52000000000044,0.010524561144546,-3164.10666666667,-0.1494689009823959,0.163,False,False,False,
Logistics,Opex: Other,2025-11-01,17870.82,18133.49,20497.196666666667,262.6700000000019,0.0146982623069339,-2363.706666666665,-0.1153185338027524,0.163,False,False,False,
Logistics,Opex: Other,2025-12-01,17924.44,17296.96,21520.303333333333,-627.4799999999996,-0.0350069514026658,-4223.343333333334,-0.1962492474161222,0.163,False,True,True,20% below trend forecast
Logistics,Opex: Other,2026-01-01,17978.21,19277.76,17811.78,1299.5499999999993,0.0722847268999527,1465.9799999999996,0.0823039583915812,0.163,False,False,False,
Logistics,Opex: Other,2026-02-01,18032.14,16287.32,18236.07,-1744.8199999999997,-0.0967616711050379,-1948.75,-0.1068623886615921,0.163,False,False,False,
Logistics,Opex: Other,2026-03-01,18086.24,18009.59,17620.68,-76.65000000000146,-0.0042380284680509,388.9099999999999,0.0220712254010628,0.163,False,False,False,
Logistics,Opex: Other,2026-04-01,18140.5,18540.13,17858.22333333333,399.630000000001,0.0220297125217056,681.9066666666695,0.0381844629187638,0.163,False,False,False,
Logistics,Opex: Other,2026-05-01,18194.92,19312.89,17612.346666666668,1117.9700000000012,0.0614440734007075,1700.5433333333312,0.0965540461766971,0.163,False,False,False,
Logistics,Opex: Other,2026-06-01,18249.51,19730.66,18620.87,1481.1500000000017,0.081161083229084,1109.7900000000009,0.0595992561035011,0.163,False,False,False,
Logistics,Opex: Other,2026-07-01,18304.25,16428.72,19194.56,-1875.5299999999988,-0.1024641818156984,-2765.84,-0.1440949935815147,0.163,False,False,False,
Logistics,Opex: Other,2026-08-01,18359.17,15726.25,18490.756666666668,-2632.9199999999983,-0.143411711967371,-2764.506666666668,-0.1495074926625502,0.163,False,False,False,
Logistics,Opex: Other,2026-09-01,18414.24,20951.13,17295.210000000003,2536.8899999999994,0.1377678361963349,3655.9199999999983,0.2113833830291738,0.163,False,True,True,21% above trend forecast
Logistics,Opex: Salaries,2025-04-01,105000.0,110847.88,,5847.880000000005,0.0556940952380952,,,0.071,False,False,False,
Logistics,Opex: Salaries,2025-05-01,105420.0,101809.48,,-3610.520000000004,-0.0342489091254031,,,0.071,False,False,False,
Logistics,Opex: Salaries,2025-06-01,105841.68,102116.94,,-3724.739999999991,-0.0351916182736327,,,0.071,False,False,False,
Logistics,Opex: Salaries,2025-07-01,106265.05,103291.56,104924.76666666666,-2973.490000000005,-0.027981824692126,-1633.2066666666651,-0.0155655020120765,0.071,False,False,False,
Logistics,Opex: Salaries,2025-08-01,106690.11,98825.25,102405.99333333332,-7864.860000000001,-0.0737168609161617,-3580.743333333332,-0.0349661500931683,0.071,True,False,True,7% under budget
Logistics,Opex: Salaries,2025-09-01,107116.87,104356.18,101411.25,-2760.6900000000023,-0.0257726910803125,2944.929999999993,0.0290394803337893,0.071,False,False,False,
Logistics,Opex: Salaries,2025-10-01,107545.33,104020.65,102157.66333333332,-3524.680000000008,-0.0327739010145769,1862.986666666664,0.0182363868346114,0.071,False,False,False,
Logistics,Opex: Salaries,2025-11-01,107975.52,107382.93,102400.69333333334,-592.5900000000111,-0.0054881884338228,4982.236666666649,0.0486543255175874,0.071,False,False,False,
Logistics,Opex: Salaries,2025-12-01,108407.42,108434.81,105253.25333333334,27.389999999999414,0.0002526579822672,3181.5566666666564,0.0302276325520388,0.071,False,False,False,
Logistics,Opex: Salaries,2026-01-01,108841.05,113878.77,106612.79666666668,5037.720000000001,0.0462851102594104,7265.973333333328,0.0681529193540524,0.071,False,False,False,
Logistics,Opex: Salaries,2026-02-01,109276.41,111299.42,109898.83666666668,2023.0099999999948,0.0185127787415417,1400.5833333333285,0.012744296262038,0.071,False,False,False,
Logistics,Opex: Salaries,2026-03-01,109713.52,106717.56,111204.33333333331,-2995.9600000000064,-0.0273071176642587,-4486.773333333331,-0.0403471087757371,0.071,False,False,False,
Logistics,Opex: Salaries,2026-04-01,110152.37,106081.97,110631.91666666669,-4070.399999999994,-0.0369524505010649,-4549.94666666667,-0.0411268899948252,0.071,False,False,False,
Logistics,Opex: Salaries,2026-05-01,110592.98,111119.14,108032.98333333334,526.1600000000035,0.0047576256648478,3086.156666666662,0.0285668003552618,0.071,False,False,False,
Logistics,Opex: Salaries,2026-06-01,111035.35,105527.22,107972.89,-5508.130000000005,-0.0496069945292197,-2445.670000000013,-0.0226507783574192,0.071,False,False,False,
Logistics,Opex: Salaries,2026-07-01,111479.49,116489.8,107576.11,5010.309999999998,0.0449437829326273,8913.690000000002,0.082859382069123,0.071,False,True,True,8% above trend forecast
Logistics,Opex: Salaries,2026-08-01,111925.41,114766.44,111045.38666666666,2841.029999999999,0.0253832440729946,3721.053333333344,0.0335093014219772,0.071,False,False,False,
Logistics,Opex: Salaries,2026-09-01,112373.11,109667.7,112261.15333333334,-2705.4100000000035,-0.0240752436236747,-2593.4533333333384,-0.0231019658744524,0.071,False,False,False,
Logistics,Revenue,2025-04-01,350000.0,328873.63,,-21126.369999999995,-0.0603610571428571,,,0.112,False,False,False,
Logistics,Revenue,2025-05-01,353500.0,327747.06,,-25752.94,-0.072851315417256,,,0.112,False,False,False,
Logistics,Revenue,2025-06-01,357035.0,381844.17,,24809.169999999984,0.0694866609716133,,,0.112,False,False,False,
Logistics,Revenue,2025-07-01,360605.35,377734.02,346154.9533333333,17128.670000000042,0.0474997667117252,31579.06666666671,0.091228123019974,0.112,False,False,False,
Logistics,Revenue,2025-08-01,364211.4,377850.1,362441.75,13638.699999999952,0.0374472078578538,15408.349999999977,0.0425126244424103,0.112,False,False,False,
Logistics,Revenue,2025-09-01,367853.52,381721.86,379142.76333333337,13868.339999999967,0.0377007130446922,2579.096666666621,0.0068024420247186,0.112,False,False,False,
Logistics,Revenue,2025-10-01,371532.05,371259.05,379101.99333333335,-273.0,-0.0007347952888586,-7842.943333333358,-0.0206882144416404,0.112,False,False,False,
Logistics,Revenue,2025-11-01,375247.37,355045.83,376943.67,-20201.53999999998,-0.0538352607241457,-21897.839999999967,-0.0580931363033632,0.112,False,False,False,
Logistics,Revenue,2025-12-01,378999.85,380723.64,369342.2466666666,1723.7900000000373,0.004548260375301,11381.39333333337,0.0308153032480065,0.112,False,False,False,
Logistics,Revenue,2026-01-01,382789.85,367237.21,369009.50666666665,-15552.639999999956,-0.0406297084418512,-1772.2966666666323,-0.0048028482590492,0.112,False,False,False,
Logistics,Revenue,2026-02-01,386617.74,409237.66,367668.8933333333,22619.919999999984,0.0585071962812673,41568.76666666666,0.113060330695368,0.112,False,True,True,11% above trend forecast
Logistics,Revenue,2026-03-01,390483.92,387038.51,385732.8366666666,-3445.4099999999744,-0.0088234363146118,1305.6733333333395,0.0033849162145914,0.112,False,False,False,
Logistics,Revenue,2026-04-01,394388.76,374854.75,387837.7933333333,-19534.01000000001,-0.0495298344709418,-12983.043333333277,-0.0334754465823159,0.112,False,False,False,
Logistics,Revenue,2026-05-01,398332.65,390651.54,390376.9733333333,-7681.110000000044,-0.0192831544188005,274.56666666665114,0.000703337249434,0.112,False,False,False,
Logistics,Revenue,2026-06-01,402315.97,412283.71,384181.6,9967.740000000049,0.0247758994006627,28102.109999999982,0.0731479852236546,0.112,False,False,False,
Logistics,Revenue,2026-07-01,406339.13,392595.33,392596.6666666667,-13743.799999999988,-0.0338234715421081,-1.336666666669771,-3.404681649537959e-06,0.112,False,False,False,
Logistics,Revenue,2026-08-01,410402.53,390156.05,398510.19333333336,-20246.48000000004,-0.0493332241397245,-8354.14333333337,-0.0209634370038448,0.112,False,False,False,
Logistics,Revenue,2026-09-01,414506.55,420567.15,398345.03,6060.600000000035,0.014621240605245,22222.120000000054,0.0557861108496823,0.112,False,False,False,
Retail Sales,COGS,2025-04-01,286000.0,273015.26,,-12984.73999999999,-0.0454011888111887,,,0.084,False,False,False,
Retail Sales,COGS,2025-05-01,288288.0,267930.49,,-20357.51000000001,-0.0706151834276834,,,0.084,False,False,False,
Retail Sales,COGS,2025-06-01,290594.3,311889.76,,21295.46000000002,0.073282442222714,,,0.084,False,False,False,
Retail Sales,COGS,2025-07-01,292919.06,289612.35,284278.50333333336,-3306.710000000021,-0.0112888181465556,5333.846666666621,0.0187627506270228,0.084,False,False,False,
Retail Sales,COGS,2025-08-01,295262.41,296259.34,289810.86666666664,996.9300000000512,0.0033764203171004,6448.473333333386,0.022250626443039,0.084,False,False,False,
Retail Sales,COGS,2025-09-01,297624.51,276422.51,299253.81666666665,-21202.0,-0.0712374125370252,-22831.30666666664,-0.0762941202253671,0.084,False,False,False,
Retail Sales,COGS,2025-10-01,300005.51,291839.62,287431.4,-8165.890000000014,-0.0272191334085831,4408.22000000003,0.0153365985762169,0.084,False,False,False,
Retail Sales,COGS,2025-11-01,302405.55,304082.73,288173.8233333333,1677.179999999993,0.0055461283696677,15908.906666666677,0.0552059395355444,0.084,False,False,False,
Retail Sales,COGS,2025-12-01,304824.79,287282.23,290781.61999999994,-17542.559999999998,-0.0575496500793127,-3499.389999999956,-0.0120344263849962,0.084,False,False,False,
Retail Sales,COGS,2026-01-01,307263.39,313035.31,294401.5266666666,5771.919999999984,0.0187849258579096,18633.783333333384,0.0632937727745933,0.084,False,False,False,
Retail Sales,COGS,2026-02-01,309721.5,300419.96,301466.75666666665,-9301.53999999998,-0.0300319480565604,-1046.7966666666323,-0.0034723452703081,0.084,False,False,False,
Retail Sales,COGS,2026-03-01,312199.27,307645.94,300245.8333333333,-4553.330000000016,-0.0145846913735577,7400.106666666688,0.0246468255179783,0.084,False,False,False,
Retail Sales,COGS,2026-04-01,314696.87,305229.11,307033.7366666667,-9467.76000000001,-0.0300853325932349,-1804.626666666707,-0.0058776168581953,0.084,False,False,False,
Retail Sales,COGS,2026-05-01,317214.44,346592.91,304431.67,29378.46999999997,0.0926139112708739,42161.23999999999,0.138491635906343,0.084,True,True,True,9% over budget; 14% above trend forecast
Retail Sales,COGS,2026-06-01,319752.16,319536.37,319822.6533333333,-215.78999999997905,-0.0006748664340531,-286.2833333333256,-0.0008951315060067,0.084,False,False,False,
Retail Sales,COGS,2026-07-01,322310.17,305264.62,323786.12999999995,-17045.54999999999,-0.0528855481041755,-18521.50999999995,-0.0572029135404903,0.084,False,False,False,
Retail Sales,COGS,2026-08-01,324888.66,338250.43,323797.9666666666,13361.77000000002,0.0411272280171306,14452.463333333377,0.0446342004000644,0.084,False,False,False,
Retail Sales,COGS,2026-09-01,327487.76,307497.2,321017.14,-19990.56,-0.0610421592550512,-13519.940000000002,-0.042115944338673,0.084,False,False,False,
Retail Sales,Headcount Cost,2025-04-01,117000.0,117454.32,,454.320000000007,0.0038830769230769,,,0.075,False,False,False,
Retail Sales,Headcount Cost,2025-05-01,117702.0,122262.46,,4560.460000000006,0.0387458157040662,,,0.075,False,False,False,
Retail Sales,Headcount Cost,2025-06-01,118408.21,115083.06,,-3325.1500000000087,-0.0280820899158935,,,0.075,False,False,False,
Retail Sales,Headcount Cost,2025-07-01,119118.66,117557.43,118266.61333333334,-1561.2300000000105,-0.0131065107683381,-709.1833333333489,-0.0059964795925501,0.075,False,False,False,
Retail Sales,Headcount Cost,2025-08-01,119833.37,117953.87,118300.98333333334,-1879.5,-0.0156842789283152,-347.11333333334187,-0.0029341542525922,0.075,False,False,False,
Retail Sales,Headcount Cost,2025-09-01,120552.37,113495.17,116864.78666666668,-7057.199999999997,-0.0585405330480022,-3369.6166666666686,-0.0288334644059876,0.075,False,False,False,
Retail Sales,Headcount Cost,2025-10-01,121275.69,122712.18,116335.49,1436.4899999999907,0.011844830567445,6376.690000000002,0.0548129379951036,0.075,False,False,False,
Retail Sales,Headcount Cost,2025-11-01,122003.34,123277.33,118053.74,1273.9900000000052,0.010442255105475,5223.590000000011,0.0442475604754242,0.075,False,False,False,
Retail Sales,Headcount Cost,2025-12-01,122735.36,122760.47,119828.22666666668,25.110000000000586,0.0002045865185061,2932.243333333332,0.0244703891136612,0.075,False,False,False,
Retail Sales,Headcount Cost,2026-01-01,123471.77,122313.18,122916.66,-1158.590000000011,-0.0093834404414872,-603.4799999999959,-0.0049096680628972,0.075,False,False,False,
Retail Sales,Headcount Cost,2026-02-01,124212.6,117180.33,122783.66,-7032.270000000004,-0.0566147878717618,-5603.329999999987,-0.045635795512204,0.075,False,False,False,
Retail Sales,Headcount Cost,2026-03-01,124957.88,122855.36,120751.32666666666,-2102.520000000004,-0.0168258296315526,2104.03333333334,0.0174245152530829,0.075,False,False,False,
Retail Sales,Headcount Cost,2026-04-01,125707.63,123984.35,120782.95666666668,-1723.2799999999988,-0.0137086348696574,3201.3933333333407,0.0265053400056139,0.075,False,False,False,
Retail Sales,Headcount Cost,2026-05-01,126461.87,122403.57,121340.01333333337,-4058.299999999989,-0.0320910959168956,1063.5566666666564,0.0087650943612883,0.075,False,False,False,
Retail Sales,Headcount Cost,2026-06-01,127220.64,126399.89,123081.09333333334,-820.75,-0.0064513902775524,3318.7966666666616,0.0269643092759873,0.075,False,False,False,
Retail Sales,Headcount Cost,2026-07-01,127983.97,130052.45,124262.60333333336,2068.479999999996,0.0161620240409794,5789.84666666665,0.0465936372758539,0.075,False,False,False,
Retail Sales,Headcount Cost,2026-08-01,128751.87,138465.87,126285.30333333332,9714.0,0.0754474478700775,12180.566666666666,0.0964527648519459,0.075,True,True,True,8% over budget; 10% above trend forecast
Retail Sales,Headcount Cost,2026-09-01,129524.38,130428.87,131639.40333333332,904.4899999999908,0.006983164096211,-1210.5333333333256,-0.0091958281690782,0.075,False,False,False,
Retail Sales,Opex: Marketing,2025-04-01,78000.0,82003.7,,4003.699999999997,0.0513294871794871,,,0.285,False,False,False,
Retail Sales,Opex: Marketing,2025-05-01,78390.0,56915.02,,-21474.980000000003,-0.2739505038908024,,,0.285,False,False,False,
Retail Sales,Opex: Marketing,2025-06-01,78781.95,64662.03,,-14119.919999999998,-0.1792278561269427,,,0.285,False,False,False,
Retail Sales,Opex: Marketing,2025-07-01,79175.86,83097.38,67860.25,3921.520000000004,0.0495292378257716,15237.130000000005,0.2245368975210083,0.285,False,False,False,
Retail Sales,Opex: Marketing,2025-08-01,79571.74,89977.33,68224.81,10405.589999999997,0.1307699190692574,21752.520000000004,0.3188359190740144,0.285,False,True,True,32% above trend forecast
Retail Sales,Opex: Marketing,2025-09-01,79969.6,83624.63,79245.58,3655.029999999999,0.045705242992337,4379.050000000003,0.0552592333856349,0.285,False,False,False,
Retail Sales,Opex: Marketing,2025-10-01,80369.45,80582.65,85566.44666666667,213.1999999999971,0.0026527492722669,-4983.796666666676,-0.0582447543495827,0.285,False,False,False,
Retail Sales,Opex: Marketing,2025-11-01,80771.29,117118.37,84728.20333333334,36347.08,0.4499999938096817,32390.166666666657,0.3822831759955882,0.285,True,True,True,45% over budget; 38% above trend forecast
Retail Sales,Opex: Marketing,2025-12-01,81175.15,64795.77,93775.21666666667,-16379.379999999996,-0.2017782535665163,-28979.44666666668,-0.3090309753127737,0.285,False,True,True,31% below trend forecast
Retail Sales,Opex: Marketing,2026-01-01,81581.03,74403.8,87498.93000000001,-7177.229999999996,-0.0879767024270225,-13095.130000000005,-0.1496604587050379,0.285,False,False,False,
Retail Sales,Opex: Marketing,2026-02-01,81988.93,77963.62,85439.31333333334,-4025.3099999999977,-0.0490957742709899,-7475.693333333344,-0.0874971139359189,0.285,False,False,False,
Retail Sales,Opex: Marketing,2026-03-01,82398.87,97112.7,72387.73,14713.830000000002,0.1785683468717472,24724.97,0.3415629969333201,0.285,False,True,True,34% above trend forecast
Retail Sales,Opex: Marketing,2026-04-01,82810.87,88735.39,83160.04,5924.520000000004,0.071542781762829,5575.350000000006,0.0670436185456381,0.285,False,False,False,
Retail Sales,Opex: Marketing,2026-05-01,83224.92,62880.09,87937.23666666668,-20344.83,-0.2444559874614478,-25057.14666666668,-0.2849435303686862,0.285,False,False,False,
Retail Sales,Opex: Marketing,2026-06-01,83641.05,108733.36,82909.39333333334,25092.31,0.2999999402207408,25823.96666666666,0.3114721460189994,0.285,True,True,True,30% over budget; 31% above trend forecast
Retail Sales,Opex: Marketing,2026-07-01,84059.25,80884.98,86782.94666666667,-3174.270000000004,-0.0377622926685641,-5897.966666666674,-0.067962277074098,0.285,False,False,False,
Retail Sales,Opex: Marketing,2026-08-01,84479.55,77591.23,84166.14333333334,-6888.320000000007,-0.0815383131183819,-6574.913333333345,-0.0781182679036857,0.285,False,False,False,
Retail Sales,Opex: Marketing,2026-09-01,84901.95,94389.86,89069.85666666667,9487.910000000003,0.1117513790908218,5320.003333333327,0.0597284371214697,0.285,False,False,False,
Retail Sales,Opex: Other,2025-04-01,32500.0,32708.57,,208.5699999999997,0.0064175384615384,,,0.163,False,False,False,
Retail Sales,Opex: Other,2025-05-01,32597.5,38023.82,,5426.32,0.1664642994094639,,,0.163,True,False,True,17% over budget
Retail Sales,Opex: Other,2025-06-01,32695.29,24456.91,,-8238.380000000001,-0.2519745198773279,,,0.163,True,False,True,25% under budget
Retail Sales,Opex: Other,2025-07-01,32793.38,35816.61,31729.766666666663,3023.230000000003,0.0921902530327768,4086.843333333334,0.1288015564774612,0.163,False,False,False,
Retail Sales,Opex: Other,2025-08-01,32891.76,33506.99,32765.78,615.2299999999959,0.0187046846991464,741.2099999999991,0.0226214666643064,0.163,False,False,False,
Retail Sales,Opex: Other,2025-09-01,32990.43,32333.9,31260.17,-656.5299999999988,-0.0199006196645511,1073.7299999999996,0.0343481817277385,0.163,False,False,False,
Retail Sales,Opex: Other,2025-10-01,33089.41,33723.93,33885.833333333336,634.5199999999968,0.0191759236565413,-161.90333333333547,-0.0047779062046578,0.163,False,False,False,
Retail Sales,Opex: Other,2025-11-01,33188.67,26924.08,33188.27333333334,-6264.5899999999965,-0.1887568860095929,-6264.193333333336,-0.1887471900215357,0.163,True,True,True,19% under budget; 19% below trend forecast
Retail Sales,Opex: Other,2025-12-01,33288.24,32889.87,30993.97,-398.36999999999534,-0.0119672893490312,1895.9000000000012,0.0611699630605566,0.163,False,False,False,
Retail Sales,Opex: Other,2026-01-01,33388.1,34914.32,31179.29333333333,1526.2200000000012,0.0457114960120522,3735.026666666665,0.1197918960746169,0.163,False,False,False,
Retail Sales,Opex: Other,2026-02-01,33488.27,38772.36,31576.09,5284.090000000004,0.1577892796492624,7196.27,0.2279025047116346,0.163,False,True,True,23% above trend forecast
Retail Sales,Opex: Other,2026-03-01,33588.73,32183.82,35525.51666666667,-1404.9100000000035,-0.0418268270339486,-3341.6966666666704,-0.0940646887143561,0.163,False,False,False,
Retail Sales,Opex: Other,2026-04-01,33689.5,31302.62,35290.166666666664,-2386.880000000001,-0.0708493744341709,-3987.546666666665,-0.1129931378429307,0.163,False,False,False,
Retail Sales,Opex: Other,2026-05-01,33790.57,32433.01,34086.26666666667,-1357.5600000000013,-0.0401757058256194,-1653.2566666666717,-0.0485021338016876,0.163,False,False,False,
Retail Sales,Opex: Other,2026-06-01,33891.94,37333.33,31973.15,3441.3899999999994,0.1015400711791652,5360.180000000004,0.1676462907158038,0.163,False,True,True,17% above trend forecast
Retail Sales,Opex: Other,2026-07-01,33993.62,35451.1,33689.65333333333,1457.479999999996,0.0428751042107311,1761.4466666666704,0.0522844996129376,0.163,False,False,False,
Retail Sales,Opex: Other,2026-08-01,34095.6,32630.3,35072.48,-1465.2999999999993,-0.042976219805488,-2442.180000000004,-0.0696323727321251,0.163,False,False,False,
Retail Sales,Opex: Other,2026-09-01,34197.88,36295.13,35138.24333333333,2097.25,0.0613269009657908,1156.8866666666654,0.032923861779089,0.163,False,False,False,
Retail Sales,Opex: Salaries,2025-04-01,195000.0,199081.35,,4081.350000000006,0.02093,,,0.071,False,False,False,
Retail Sales,Opex: Salaries,2025-05-01,195780.0,199291.98,,3511.9800000000105,0.0179384002451732,,,0.071,False,False,False,
Retail Sales,Opex: Salaries,2025-06-01,196563.12,189648.71,,-6914.410000000004,-0.0351765376943548,,,0.071,False,False,False,
Retail Sales,Opex: Salaries,2025-07-01,197349.37,193545.19,196007.34666666668,-3804.179999999993,-0.0192763726582962,-2462.1566666666768,-0.0125615529649195,0.071,False,False,False,
Retail Sales,Opex: Salaries,2025-08-01,198138.77,198126.47,194161.96,-12.299999999988358,-6.207770442901387e-05,3964.510000000009,0.0204185722064198,0.071,False,False,False,
Retail Sales,Opex: Salaries,2025-09-01,198931.33,202764.01,193773.4566666667,3832.680000000022,0.0192663468343574,8990.553333333344,0.0463972387549399,0.071,False,False,False,
Retail Sales,Opex: Salaries,2025-10-01,199727.05,194858.66,198145.22333333336,-4868.389999999985,-0.0243752160761398,-3286.563333333353,-0.0165866392237196,0.071,False,False,False,
Retail Sales,Opex: Salaries,2025-11-01,200525.96,197403.82,198583.04666666663,-3122.139999999985,-0.0155697546591971,-1179.2266666666546,-0.0059382041239706,0.071,False,False,False,
Retail Sales,Opex: Salaries,2025-12-01,201328.06,192632.69,198342.16333333333,-8695.369999999995,-0.0431900550772703,-5709.473333333328,-0.0287859789233921,0.071,False,False,False,
Retail Sales,Opex: Salaries,2026-01-01,202133.37,192858.24,194965.05666666667,-9275.130000000005,-0.0458861889058694,-2106.81666666668,-0.0108061244547463,0.071,False,False,False,
Retail Sales,Opex: Salaries,2026-02-01,202941.91,205859.36,194298.25,2917.4499999999825,0.0143757886185262,11561.109999999986,0.0595018740518763,0.071,False,False,False,
Retail Sales,Opex: Salaries,2026-03-01,203753.68,210006.31,197116.7633333333,6252.630000000005,0.0306872003489704,12889.546666666662,0.0653904135229222,0.071,False,False,False,
Retail Sales,Opex: Salaries,2026-04-01,204568.69,202081.07,202907.97,-2487.619999999996,-0.0121603164198783,-826.8999999999651,-0.0040752465267873,0.071,False,False,False,
Retail Sales,Opex: Salaries,2026-05-01,205386.97,209516.47,205982.24666666667,4129.5,0.0201059492722444,3534.223333333328,0.0171579026373696,0.071,False,False,False,
Retail Sales,Opex: Salaries,2026-06-01,206208.51,206383.6,207201.28333333333,175.0899999999965,0.0008490920185592,-817.6833333333198,-0.0039463236915279,0.071,False,False,False,
Retail Sales,Opex: Salaries,2026-07-01,207033.35,200956.17,205993.71333333332,-6077.179999999993,-0.0293536282922533,-5037.543333333335,-0.0244548401590378,0.071,False,False,False,
Retail Sales,Opex: Salaries,2026-08-01,207861.48,208036.47,205618.74666666667,174.9899999999907,0.000841858722453,2417.723333333328,0.0117582826105479,0.071,False,False,False,
Retail Sales,Opex: Salaries,2026-09-01,208692.93,216235.32,205125.41333333333,7542.390000000014,0.0361410901653449,11109.906666666677,0.0541615321384524,0.071,False,False,False,
Retail Sales,Revenue,2025-04-01,650000.0,669371.85,,19371.849999999977,0.0298028461538461,,,0.112,False,False,False,
Retail Sales,Revenue,2025-05-01,656500.0,651053.77,,-5446.229999999981,-0.0082958568164508,,,0.112,False,False,False,
Retail Sales,Revenue,2025-06-01,663065.0,688832.58,,25767.57999999996,0.0388613182719642,,,0.112,False,False,False,
Retail Sales,Revenue,2025-07-01,669695.65,730893.64,669752.7333333333,61197.98999999999,0.0913817941030376,61140.906666666735,0.091288775131041,0.112,False,False,False,
Retail Sales,Revenue,2025-08-01,676392.61,666889.83,690259.9966666667,-9502.780000000028,-0.0140492073087552,-23370.166666666744,-0.0338570491981623,0.112,False,False,False,
Retail Sales,Revenue,2025-09-01,683156.53,673559.4,695538.6833333333,-9597.130000000005,-0.0140482152750556,-21979.28333333333,-0.031600375162455,0.112,False,False,False,
Retail Sales,Revenue,2025-10-01,689988.1,755366.38,690447.6233333334,65378.28000000003,0.0947527645766644,64918.7566666666,0.0940241583470918,0.112,False,False,False,
Retail Sales,Revenue,2025-11-01,696887.98,728976.94,698605.2033333333,32088.959999999963,0.0460460804618842,30371.736666666693,0.0434748217186912,0.112,False,False,False,
Retail Sales,Revenue,2025-12-01,703856.86,684030.29,719300.9066666666,-19826.56999999995,-0.0281684687991816,-35270.61666666658,-0.0490345783520768,0.112,False,False,False,
Retail Sales,Revenue,2026-01-01,710895.43,734037.63,722791.2033333335,23142.199999999957,0.0325535923054111,11246.42666666652,0.0155597171282671,0.112,False,False,False,
Retail Sales,Revenue,2026-02-01,718004.38,698040.23,715681.62,-19964.150000000023,-0.0278050532226558,-17641.390000000014,-0.0246497737359805,0.112,False,False,False,
Retail Sales,Revenue,2026-03-01,725184.43,704920.03,705369.3833333333,-20264.400000000023,-0.0279437880374789,-449.3533333332744,-0.0006370468352479,0.112,False,False,False,
Retail Sales,Revenue,2026-04-01,732436.27,743069.59,712332.63,10633.319999999949,0.0145177409087072,30736.959999999963,0.043149729080921,0.112,False,False,False,
Retail Sales,Revenue,2026-05-01,739760.63,654838.47,715343.2833333333,-84922.16000000003,-0.114796809340881,-60504.81333333335,-0.0845815075684991,0.112,True,False,True,11% under budget
Retail Sales,Revenue,2026-06-01,747158.24,669831.04,700942.6966666667,-77327.19999999995,-0.1034950775621506,-31111.65666666662,-0.0443854495019608,0.112,False,False,False,
Retail Sales,Revenue,2026-07-01,754629.82,729170.68,689246.3666666666,-25459.139999999898,-0.0337372567651777,39924.31333333347,0.0579245901961231,0.112,False,False,False,
Retail Sales,Revenue,2026-08-01,762176.12,715858.78,684613.3966666666,-46317.33999999997,-0.0607698651067681,31245.38333333342,0.0456394564953957,0.112,False,False,False,
Retail Sales,Revenue,2026-09-01,769797.88,784312.3,704953.5,14514.420000000042,0.0188548453783739,79358.80000000005,0.112573098793041,0.112,False,True,True,11% above trend forecast
