business_unit,line_item,month,budget,actual,forecast,variance_vs_budget,variance_vs_budget_pct,variance_vs_forecast,variance_vs_forecast_pct
Customer Support,COGS,2025-04-01,121000.0,120620.79,,-379.2100000000064,-0.003133966942148813,,
Customer Support,COGS,2025-05-01,121968.0,127792.84,,5824.8399999999965,0.04775711662075296,,
Customer Support,COGS,2025-06-01,122943.74,116884.3,,-6059.440000000002,-0.049286283303240995,,
Customer Support,COGS,2025-07-01,123927.29,127050.55,121765.97666666667,3123.2600000000093,0.025202358576549278,5284.573333333334,0.043399424683298916
Customer Support,COGS,2025-08-01,124918.71,121606.76,123909.23,-3311.9500000000116,-0.026512841831299823,-2302.470000000001,-0.018581908708495735
Customer Support,COGS,2025-09-01,125918.06,120926.21,121847.20333333332,-4991.849999999991,-0.03964363809289939,-920.9933333333174,-0.007558592303622979
Customer Support,COGS,2025-10-01,126925.41,126246.16,123194.50666666667,-679.25,-0.005351568295111278,3051.6533333333355,0.024771017928505053
Customer Support,COGS,2025-11-01,127940.81,121318.32,122926.37666666666,-6622.489999999991,-0.05176213907040288,-1608.0566666666564,-0.013081461524137684
Customer Support,COGS,2025-12-01,128964.34,125394.29,122830.23,-3570.050000000003,-0.02768245857730907,2564.0599999999977,0.020874828615072998
Customer Support,COGS,2026-01-01,129996.05,122210.08,124319.59000000001,-7785.970000000001,-0.05989389677609436,-2109.5100000000093,-0.016968443991811823
Customer Support,COGS,2026-02-01,131036.02,143908.51,122974.23,12872.490000000005,0.09823627121763928,20934.280000000013,0.17023306427696286
Customer Support,COGS,2026-03-01,132084.31,132317.2,130504.29333333333,232.89000000001397,0.0017631920097096617,1812.9066666666768,0.013891548089043788
Customer Support,COGS,2026-04-01,133140.98,128482.87,132811.93,-4658.110000000015,-0.03498629798278498,-4329.059999999998,-0.0325954151859701
Customer Support,COGS,2026-05-01,134206.11,135641.98,134902.86000000002,1435.8700000000244,0.010698991275434663,739.1199999999953,0.0054789053397384995
Customer Support,COGS,2026-06-01,135279.76,134519.97,132147.35,-759.7900000000081,-0.005616435156301343,2372.6199999999953,0.017954351714203842
Customer Support,COGS,2026-07-01,136362.0,134855.4,132881.60666666666,-1506.6000000000058,-0.011048532582391031,1973.7933333333349,0.014853773843091715
Customer Support,COGS,2026-08-01,137452.89,141673.84,135005.78333333333,4220.9499999999825,0.03070833941723584,6668.056666666671,0.049390896464065095
Customer Support,COGS,2026-09-01,138552.52,143800.25,137016.40333333335,5247.7300000000105,0.0378753847277553,6783.84666666665,0.04951120086084084
Customer Support,Headcount Cost,2025-04-01,49500.0,48188.0,,-1312.0,-0.026505050505050504,,
Customer Support,Headcount Cost,2025-05-01,49797.0,50933.56,,1136.5599999999977,0.022823864891459277,,
Customer Support,Headcount Cost,2025-06-01,50095.78,48566.34,,-1529.4400000000023,-0.030530316126428262,,
Customer Support,Headcount Cost,2025-07-01,50396.36,46757.98,49229.299999999996,-3638.3799999999974,-0.07219529346960767,-2471.3199999999924,-0.05020018566179069
Customer Support,Headcount Cost,2025-08-01,50698.73,47398.16,48752.62666666667,-3300.5699999999997,-0.06510163075090834,-1354.4666666666672,-0.027782434696851897
Customer Support,Headcount Cost,2025-09-01,51002.93,51101.03,47574.16,98.09999999999854,0.0019234189094626238,3526.8699999999953,0.07413415181686855
Customer Support,Headcount Cost,2025-10-01,51308.94,51841.99,48419.05666666667,533.0499999999956,0.010389027721094913,3422.933333333327,0.07069392856820754
Customer Support,Headcount Cost,2025-11-01,51616.8,49749.68,50113.72666666666,-1867.1200000000026,-0.03617271895971859,-364.0466666666616,-0.007264410190208597
Customer Support,Headcount Cost,2025-12-01,51926.5,53252.89,50897.56666666666,1326.3899999999994,0.025543604903084157,2355.323333333341,0.04627575516052846
Customer Support,Headcount Cost,2026-01-01,52238.06,48766.27,51614.85333333333,-3471.790000000001,-0.06646092906206702,-2848.5833333333358,-0.0551892168507567
Customer Support,Headcount Cost,2026-02-01,52551.49,52412.58,50589.613333333335,-138.90999999999622,-0.002643312301896601,1822.9666666666672,0.036034406008506104
Customer Support,Headcount Cost,2026-03-01,52866.8,50305.89,51477.246666666666,-2560.9100000000035,-0.04844079838386291,-1171.3566666666666,-0.022754843013489325
Customer Support,Headcount Cost,2026-04-01,53184.0,51797.31,50494.91333333333,-1386.6900000000023,-0.026073443140794267,1302.3966666666674,0.025792630993722553
Customer Support,Headcount Cost,2026-05-01,53503.1,53604.54,51505.26,101.44000000000233,0.001895964906706384,2099.279999999999,0.04075855553393962
Customer Support,Headcount Cost,2026-06-01,53824.12,51971.68,51902.579999999994,-1852.4400000000023,-0.03441654039118526,69.10000000000582,0.0013313403688218549
Customer Support,Headcount Cost,2026-07-01,54147.06,53314.16,52457.84333333333,-832.8999999999942,-0.015382183261658052,856.316666666673,0.01632390148457634
Customer Support,Headcount Cost,2026-08-01,54471.95,56664.54,52963.46,2192.590000000004,0.04025172588827835,3701.0800000000017,0.06987987567277519
Customer Support,Headcount Cost,2026-09-01,54798.78,53534.26,53983.46,-1264.5199999999968,-0.023075696210755,-449.1999999999971,-0.008321067230592429
Customer Support,Opex: Marketing,2025-04-01,33000.0,31034.02,,-1965.9799999999996,-0.059575151515151505,,
Customer Support,Opex: Marketing,2025-05-01,33165.0,30963.75,,-2201.25,-0.06637268204432384,,
Customer Support,Opex: Marketing,2025-06-01,33330.82,32622.29,,-708.5299999999988,-0.02125750281571227,,
Customer Support,Opex: Marketing,2025-07-01,33497.48,22601.15,31540.02,-10896.330000000002,-0.32528805151909934,-8938.869999999999,-0.2834135805874568
Customer Support,Opex: Marketing,2025-08-01,33664.97,26686.94,28729.063333333335,-6978.0300000000025,-0.20727866384553445,-2042.1233333333366,-0.07108214109312544
Customer Support,Opex: Marketing,2025-09-01,33833.29,41446.84,27303.460000000003,7613.549999999996,0.22503132270021614,14143.379999999994,0.5180068753190985
Customer Support,Opex: Marketing,2025-10-01,34002.46,43072.45,30244.976666666666,9069.989999999998,0.26674511197131023,12827.473333333332,0.42411913471471235
Customer Support,Opex: Marketing,2025-11-01,34172.47,33579.39,37068.743333333325,-593.0800000000017,-0.017355491130726042,-3489.3533333333253,-0.09413195645603649
Customer Support,Opex: Marketing,2025-12-01,34343.33,38000.33,39366.22666666666,3657.0,0.10648355881622427,-1365.8966666666602,-0.034697170196991034
Customer Support,Opex: Marketing,2026-01-01,34515.05,36816.77,38217.38999999999,2301.719999999994,0.06668743055565597,-1400.6199999999953,-0.03664876120530459
Customer Support,Opex: Marketing,2026-02-01,34687.62,51401.24,36132.16333333334,16713.619999999995,0.4818324232103556,15269.07666666666,0.4225896059918543
Customer Support,Opex: Marketing,2026-03-01,34861.06,41412.72,42072.78,6551.6600000000035,0.18793633928515094,-660.0599999999977,-0.01568852830737588
Customer Support,Opex: Marketing,2026-04-01,35035.37,35063.83,43210.243333333325,28.459999999999127,0.0008123219477915925,-8146.413333333323,-0.18852967965234765
Customer Support,Opex: Marketing,2026-05-01,35210.54,30867.99,42625.93,-4342.549999999999,-0.12333096851113329,-11757.939999999999,-0.2758400813776966
Customer Support,Opex: Marketing,2026-06-01,35386.6,27567.33,35781.513333333336,-7819.269999999997,-0.22096697620003045,-8214.183333333334,-0.22956500628723175
Customer Support,Opex: Marketing,2026-07-01,35563.53,37360.18,31166.383333333335,1796.6500000000015,0.05051945068445122,6193.796666666665,0.1987332505161811
Customer Support,Opex: Marketing,2026-08-01,35741.35,32401.23,31931.833333333332,-3340.119999999999,-0.09345254166392705,469.39666666666744,0.014699959810220755
Customer Support,Opex: Marketing,2026-09-01,35920.05,28975.34,32442.913333333334,-6944.710000000003,-0.19333798254735174,-3467.5733333333337,-0.10688230424024805
Customer Support,Opex: Other,2025-04-01,13750.0,12992.87,,-757.1299999999992,-0.05506399999999994,,
Customer Support,Opex: Other,2025-05-01,13791.25,13257.36,,-533.8899999999994,-0.0387122269554971,,
Customer Support,Opex: Other,2025-06-01,13832.62,13151.51,,-681.1100000000006,-0.04923940656216975,,
Customer Support,Opex: Other,2025-07-01,13874.12,12814.15,13133.913333333336,-1059.9700000000012,-0.0763990797254169,-319.76333333333605,-0.02434638673317493
Customer Support,Opex: Other,2025-08-01,13915.74,14122.42,13074.339999999998,206.6800000000003,0.014852246448985126,1048.0800000000017,0.0801631286933032
Customer Support,Opex: Other,2025-09-01,13957.49,12937.27,13362.693333333335,-1020.2199999999993,-0.07309480429504155,-425.4233333333341,-0.0318366457061551
Customer Support,Opex: Other,2025-10-01,13999.36,14517.98,13291.279999999999,518.619999999999,0.0370459792447654,1226.7000000000007,0.09229359399546175
Customer Support,Opex: Other,2025-11-01,14041.36,14111.23,13859.223333333333,69.86999999999898,0.004976013719468697,252.0066666666662,0.018183318112823508
Customer Support,Opex: Other,2025-12-01,14083.49,13887.8,13855.493333333332,-195.6900000000005,-0.01389499335747038,32.3066666666673,0.002331686493540033
Customer Support,Opex: Other,2026-01-01,14125.74,12984.99,14172.336666666664,-1140.75,-0.08075683114654525,-1187.3466666666645,-0.08377917449980594
Customer Support,Opex: Other,2026-02-01,14168.11,13492.62,13661.339999999998,-675.4899999999998,-0.047676789635314784,-168.71999999999753,-0.012350179411389918
Customer Support,Opex: Other,2026-03-01,14210.62,15426.18,13455.136666666667,1215.5599999999995,0.08553884348466143,1971.043333333333,0.1464900269810216
Customer Support,Opex: Other,2026-04-01,14253.25,15109.75,13967.93,856.5,0.06009155806570431,1141.8199999999997,0.081745827764028
Customer Support,Opex: Other,2026-05-01,14296.01,13041.46,14676.183333333334,-1254.550000000001,-0.08775525478787445,-1634.7233333333352,-0.11138613467852121
Customer Support,Opex: Other,2026-06-01,14338.9,14624.72,14525.796666666667,285.8199999999997,0.01993318873832719,98.92333333333227,0.00681018298709484
Customer Support,Opex: Other,2026-07-01,14381.91,15606.37,14258.643333333333,1224.460000000001,0.08513890018780544,1347.7266666666674,0.09451997887597072
Customer Support,Opex: Other,2026-08-01,14425.06,12161.18,14424.183333333334,-2263.879999999999,-0.1569407683572893,-2263.003333333334,-0.15688952927433214
Customer Support,Opex: Other,2026-09-01,14468.34,15399.17,14130.756666666668,930.8299999999999,0.06433564596906072,1268.413333333332,0.08976259115164147
Customer Support,Opex: Salaries,2025-04-01,82500.0,80074.73,,-2425.270000000004,-0.02939721212121217,,
Customer Support,Opex: Salaries,2025-05-01,82830.0,79314.16,,-3515.8399999999965,-0.04244645659785098,,
Customer Support,Opex: Salaries,2025-06-01,83161.32,86538.85,,3377.529999999999,0.04061419419508972,,
Customer Support,Opex: Salaries,2025-07-01,83493.97,84867.37,81975.91333333333,1373.3999999999942,0.016449092072157955,2891.456666666665,0.035272027466279304
Customer Support,Opex: Salaries,2025-08-01,83827.94,82969.61,83573.46,-858.3300000000017,-0.010239187554889237,-603.8500000000058,-0.007225379923243644
Customer Support,Opex: Salaries,2025-09-01,84163.25,87058.33,84791.94333333333,2895.0800000000017,0.03439838646915372,2266.3866666666727,0.02672879730751156
Customer Support,Opex: Salaries,2025-10-01,84499.91,83851.04,84965.10333333333,-648.8700000000099,-0.007678943089998674,-1114.063333333339,-0.013112010574066729
Customer Support,Opex: Salaries,2025-11-01,84837.91,81797.44,84626.32666666666,-3040.470000000001,-0.03583857735297818,-2828.886666666658,-0.03342797422614497
Customer Support,Opex: Salaries,2025-12-01,85177.26,88217.55,84235.60333333333,3040.290000000008,0.03569368162347566,3981.9466666666704,0.047271539694557545
Customer Support,Opex: Salaries,2026-01-01,85517.97,106897.46,84622.01,21379.490000000005,0.24999997076637817,22275.45000000001,0.26323470690426776
Customer Support,Opex: Salaries,2026-02-01,85860.04,82329.7,92304.15000000001,-3530.3399999999965,-0.04111738126374035,-9974.450000000012,-0.1080606884955878
Customer Support,Opex: Salaries,2026-03-01,86203.48,84849.21,92481.57,-1354.2699999999895,-0.015710154624847972,-7632.360000000001,-0.0825284432346899
Customer Support,Opex: Salaries,2026-04-01,86548.29,83409.31,91358.79,-3138.979999999996,-0.03626853863894938,-7949.479999999996,-0.08701384946100968
Customer Support,Opex: Salaries,2026-05-01,86894.49,82420.81,83529.40666666666,-4473.680000000008,-0.05148404691712912,-1108.5966666666645,-0.013271932734906669
Customer Support,Opex: Salaries,2026-06-01,87242.06,88793.69,83559.77666666667,1551.6300000000047,0.017785343445581234,5233.91333333333,0.06263675589048363
Customer Support,Opex: Salaries,2026-07-01,87591.03,91732.55,84874.60333333333,4141.520000000004,0.04728246716587308,6857.94666666667,0.08080092745450636
Customer Support,Opex: Salaries,2026-08-01,87941.4,83372.22,87649.01666666666,-4569.179999999993,-0.05195709870436442,-4276.796666666662,-0.0487945767028
Customer Support,Opex: Salaries,2026-09-01,88293.16,88901.42,87966.15333333334,608.2599999999948,0.00688909537273323,935.2666666666628,0.010632119641774296
Customer Support,Revenue,2025-04-01,275000.0,270554.79,,-4445.210000000021,-0.016164400000000075,,
Customer Support,Revenue,2025-05-01,277750.0,289707.84,,11957.840000000026,0.04305252925292539,,
Customer Support,Revenue,2025-06-01,280527.5,305814.65,,25287.150000000023,0.0901414299845827,,
Customer Support,Revenue,2025-07-01,283332.78,284592.38,288692.4266666667,1259.5999999999767,0.004445655740927599,-4100.046666666691,-0.0142021275514814
Customer Support,Revenue,2025-08-01,286166.1,314129.38,293371.62333333335,27963.280000000028,0.09771695529274792,20757.756666666653,0.07075584349574728
Customer Support,Revenue,2025-09-01,289027.76,265094.51,301512.13666666666,-23933.25,-0.08280605987466394,-36417.62666666665,-0.12078328610343055
Customer Support,Revenue,2025-10-01,291918.04,262083.16,287938.75666666665,-29834.879999999976,-0.1022029333987032,-25855.59666666665,-0.08979547236358486
Customer Support,Revenue,2025-11-01,294837.22,293854.57,280435.68333333335,-982.6499999999651,-0.0033328560077997113,13418.886666666658,0.04785013985084277
Customer Support,Revenue,2025-12-01,297785.59,304647.74,273677.41333333333,6862.149999999965,0.02304392902289182,30970.32666666666,0.11316361949440619
Customer Support,Revenue,2026-01-01,300763.45,300173.45,286861.8233333333,-590.0,-0.0019616745319286635,13311.626666666707,0.04640431588973972
Customer Support,Revenue,2026-02-01,303771.08,266089.34,299558.58666666667,-37681.73999999999,-0.12404650238594138,-33469.246666666644,-0.11172855046184836
Customer Support,Revenue,2026-03-01,306808.8,305168.23,290303.51,-1640.570000000007,-0.0053472064686541166,14864.719999999972,0.051204065703511374
Customer Support,Revenue,2026-04-01,309876.88,285623.39,290477.00666666665,-24253.48999999999,-0.07826814959541348,-4853.6166666666395,-0.01670912518124489
Customer Support,Revenue,2026-05-01,312975.65,325551.12,285626.9866666667,12575.469999999972,0.04018034629850588,39924.1333333333,0.1397771751165995
Customer Support,Revenue,2026-06-01,316105.41,323058.43,305447.58,6953.020000000019,0.021995890548029595,17610.849999999977,0.05765588321243199
Customer Support,Revenue,2026-07-01,319266.46,301262.14,311410.98,-18004.320000000007,-0.05639276985123964,-10148.839999999967,-0.03258985922718578
Customer Support,Revenue,2026-08-01,322459.13,312517.06,316623.89666666667,-9942.070000000007,-0.030832031333707335,-4106.83666666667,-0.012970709759757141
Customer Support,Revenue,2026-09-01,325683.72,304985.6,312279.21,-20698.119999999995,-0.06355282357988296,-7293.610000000044,-0.02335605370591287
Digital Products,COGS,2025-04-01,187000.0,177738.49,,-9261.51000000001,-0.04952679144385032,,
Digital Products,COGS,2025-05-01,188496.0,183158.76,,-5337.239999999991,-0.028314871403106647,,
Digital Products,COGS,2025-06-01,190003.97,190950.68,,946.7099999999919,0.004982580100826271,,
Digital Products,COGS,2025-07-01,191524.0,186702.62,183949.30999999997,-4821.380000000005,-0.02517376412355634,2753.310000000027,0.014967764760846491
Digital Products,COGS,2025-08-01,193056.19,178087.93,186937.35333333336,-14968.26000000001,-0.07753317829384289,-8849.423333333369,-0.047338978409273334
Digital Products,COGS,2025-09-01,194600.64,195267.76,185247.07666666666,667.1199999999953,0.003428149054391575,10020.683333333349,0.05409361115784058
Digital Products,COGS,2025-10-01,196157.45,185738.51,186686.10333333336,-10418.940000000002,-0.05311518884447163,-947.5933333333523,-0.005075864332769309
Digital Products,COGS,2025-11-01,197726.71,202408.8,186364.7333333333,4682.0899999999965,0.023679603023789738,16044.06666666668,0.08608960708231286
Digital Products,COGS,2025-12-01,199308.52,190146.07,194471.69000000003,-9162.449999999983,-0.04597119079505474,-4325.620000000024,-0.022242929035069442
Digital Products,COGS,2026-01-01,200902.99,216472.31,192764.46,15569.320000000007,0.07749670624613406,23707.850000000006,0.12298869822787876
Digital Products,COGS,2026-02-01,202510.21,194579.37,203009.05999999997,-7930.8399999999965,-0.03916266740328795,-8429.689999999973,-0.04152371327663886
Digital Products,COGS,2026-03-01,204130.29,200843.17,200399.25,-3287.1199999999953,-0.01610304869502706,443.9200000000128,0.00221517795101535
Digital Products,COGS,2026-04-01,205763.34,214132.94,203964.94999999998,8369.600000000006,0.04067585605871292,10167.99000000002,0.04985165343359249
Digital Products,COGS,2026-05-01,207409.44,194644.8,203185.16,-12764.640000000014,-0.061543196876670675,-8540.360000000015,-0.04203240039774566
Digital Products,COGS,2026-06-01,209068.72,211446.46,203206.97,2377.7399999999907,0.011373006923273796,8239.48999999999,0.04054728044023288
Digital Products,COGS,2026-07-01,210741.27,224514.71,206741.4,13773.440000000002,0.065357108268352,17773.309999999998,0.08596879966953884
Digital Products,COGS,2026-08-01,212427.2,195353.54,210201.99,-17073.660000000003,-0.08037417053936596,-14848.449999999983,-0.0706389601734978
Digital Products,COGS,2026-09-01,214126.62,216103.37,210438.23666666666,1976.75,0.009231687307257734,5665.133333333331,0.026920646281155074
Digital Products,Headcount Cost,2025-04-01,76500.0,76678.12,,178.11999999999534,0.0023283660130718345,,
Digital Products,Headcount Cost,2025-05-01,76959.0,73440.53,,-3518.470000000001,-0.04571875933938852,,
Digital Products,Headcount Cost,2025-06-01,77420.75,78528.76,,1108.0099999999948,0.01431153792749353,,
Digital Products,Headcount Cost,2025-07-01,77885.28,79632.35,76215.80333333333,1747.070000000007,0.022431324635412583,3416.546666666676,0.04482727357375283
Digital Products,Headcount Cost,2025-08-01,78352.59,81746.99,77200.54666666668,3394.4000000000087,0.043322116090865774,4546.443333333329,0.05889133600262928
Digital Products,Headcount Cost,2025-09-01,78822.71,82145.25,79969.36666666667,3322.5399999999936,0.04215206505840757,2175.8833333333314,0.027208960431098383
Digital Products,Headcount Cost,2025-10-01,79295.64,74925.91,81174.86333333334,-4369.729999999996,-0.055106812934481594,-6248.953333333338,-0.07698138409759775
Digital Products,Headcount Cost,2025-11-01,79771.42,76778.95,79606.05,-2992.470000000001,-0.03751305918836598,-2827.100000000006,-0.03551363244376534
Digital Products,Headcount Cost,2025-12-01,80250.04,81903.31,77950.03666666667,1653.270000000004,0.02060148505844987,3953.273333333331,0.0507154775338784
Digital Products,Headcount Cost,2026-01-01,80731.54,82390.69,77869.39,1659.1500000000087,0.020551447426866983,4521.300000000003,0.058062609710953214
Digital Products,Headcount Cost,2026-02-01,81215.93,82889.14,80357.65000000001,1673.2100000000064,0.02060199273713921,2531.4899999999907,0.03150278784907212
Digital Products,Headcount Cost,2026-03-01,81703.23,94294.45,82394.37999999999,12591.220000000001,0.1541092071880145,11900.070000000007,0.14442817580519457
Digital Products,Headcount Cost,2026-04-01,82193.45,84070.39,86524.76000000001,1876.9400000000023,0.0228356395795529,-2454.37000000001,-0.028366100061993926
Digital Products,Headcount Cost,2026-05-01,82686.61,86442.45,87084.66,3755.8399999999965,0.04542259018721407,-642.2100000000064,-0.007374547939901314
Digital Products,Headcount Cost,2026-06-01,83182.73,86356.99,88269.09666666666,3174.2600000000093,0.03816008443098717,-1912.1066666666593,-0.021662243513008942
Digital Products,Headcount Cost,2026-07-01,83681.83,85862.21,85623.27666666666,2180.3800000000047,0.026055596537504076,238.93333333334886,0.0027905184505321104
Digital Products,Headcount Cost,2026-08-01,84183.92,83122.29,86220.55,-1061.6300000000047,-0.012610840645101876,-3098.2600000000093,-0.035934124753321674
Digital Products,Headcount Cost,2026-09-01,84689.02,87260.07,85113.83,2571.050000000003,0.030358717104059095,2146.2400000000052,0.025216113527026164
Digital Products,Opex: Marketing,2025-04-01,51000.0,54008.1,,3008.0999999999985,0.058982352941176444,,
Digital Products,Opex: Marketing,2025-05-01,51255.0,58290.95,,7035.949999999997,0.13727343673787917,,
Digital Products,Opex: Marketing,2025-06-01,51511.27,42983.96,,-8527.309999999998,-0.16554260844277374,,
Digital Products,Opex: Marketing,2025-07-01,51768.83,42550.43,51761.003333333334,-9218.400000000001,-0.1780685404711677,-9210.573333333334,-0.17794425803569883
Digital Products,Opex: Marketing,2025-08-01,52027.68,57141.54,47941.78,5113.860000000001,0.0982911404083365,9199.760000000002,0.19189441860523332
Digital Products,Opex: Marketing,2025-09-01,52287.81,55662.87,47558.64333333333,3375.060000000005,0.0645477406684274,8104.226666666669,0.1704049169330805
Digital Products,Opex: Marketing,2025-10-01,52549.25,55574.72,51784.94666666666,3025.470000000001,0.057573990114035904,3789.773333333338,0.0731829146745606
Digital Products,Opex: Marketing,2025-11-01,52812.0,56612.73,56126.37666666667,3800.730000000003,0.07196716655305618,486.35333333333256,0.008665325684958685
Digital Products,Opex: Marketing,2025-12-01,53076.06,48723.63,55950.10666666667,-4352.43,-0.0820036377982842,-7226.476666666669,-0.12915930097720402
Digital Products,Opex: Marketing,2026-01-01,53341.44,56266.58,53637.02666666667,2925.1399999999994,0.054838039617978056,2629.5533333333296,0.04902496459535284
Digital Products,Opex: Marketing,2026-02-01,53608.15,57036.97,53867.64666666667,3428.8199999999997,0.06396079700567917,3169.3233333333337,0.05883537762369918
Digital Products,Opex: Marketing,2026-03-01,53876.19,49180.73,54009.06,-4695.459999999999,-0.0871527849315254,-4828.3299999999945,-0.08939851943359123
Digital Products,Opex: Marketing,2026-04-01,54145.57,70381.99,54161.426666666666,16236.420000000006,0.2998660832271228,16220.563333333339,0.299485525615155
Digital Products,Opex: Marketing,2026-05-01,54416.3,59372.26,58866.56333333333,4955.959999999999,0.09107491689071104,505.69666666667035,0.00859055868104871
Digital Products,Opex: Marketing,2026-06-01,54688.38,46009.58,59644.99333333334,-8678.799999999996,-0.1586955035054978,-13635.413333333338,-0.22860952062028345
Digital Products,Opex: Marketing,2026-07-01,54961.82,61473.86,58587.943333333336,6512.040000000001,0.11848297600043087,2885.9166666666642,0.04925785925352214
Digital Products,Opex: Marketing,2026-08-01,55236.63,48265.64,55618.56666666667,-6970.989999999998,-0.1262023045214742,-7352.926666666674,-0.13220273565721768
Digital Products,Opex: Marketing,2026-09-01,55512.81,63177.06,51916.35999999999,7664.25,0.1380627282243504,11260.700000000004,0.21690079967085532
Digital Products,Opex: Other,2025-04-01,21250.0,22792.04,,1542.0400000000009,0.07256658823529416,,
Digital Products,Opex: Other,2025-05-01,21313.75,19699.96,,-1613.7900000000009,-0.07571591109025867,,
Digital Products,Opex: Other,2025-06-01,21377.69,19302.15,,-2075.5399999999972,-0.09708906808920877,,
Digital Products,Opex: Other,2025-07-01,21441.82,22690.75,20598.05,1248.9300000000003,0.05824738758183775,2092.7000000000007,0.10159699583212978
Digital Products,Opex: Other,2025-08-01,21506.15,21240.63,20564.286666666667,-265.52000000000044,-0.012346235844165526,676.3433333333342,0.032889219271079385
Digital Products,Opex: Other,2025-09-01,21570.67,23326.52,21077.843333333334,1755.8500000000022,0.08139988234023339,2248.6766666666663,0.10668438089728659
Digital Products,Opex: Other,2025-10-01,21635.38,22875.6,22419.3,1240.2199999999975,0.05732369849755343,456.2999999999993,0.020352999424602877
Digital Products,Opex: Other,2025-11-01,21700.29,21759.25,22480.916666666668,58.95999999999913,0.002717014380913763,-721.6666666666679,-0.032101300732843834
Digital Products,Opex: Other,2025-12-01,21765.39,20139.96,22653.789999999997,-1625.4300000000003,-0.07467957155833184,-2513.829999999998,-0.1109673039257448
Digital Products,Opex: Other,2026-01-01,21830.68,18741.98,21591.603333333333,-3088.7000000000007,-0.14148436970355485,-2849.623333333333,-0.1319783107044235
Digital Products,Opex: Other,2026-02-01,21896.18,21137.44,20213.73,-758.7400000000016,-0.03465170637070035,923.7099999999991,0.04569715732821202
Digital Products,Opex: Other,2026-03-01,21961.86,24062.29,20006.46,2100.4300000000003,0.09563989571010835,4055.8300000000017,0.20272601949570299
Digital Products,Opex: Other,2026-04-01,22027.75,22719.63,21313.903333333332,691.880000000001,0.03140947214309228,1405.7266666666692,0.06595350671728999
Digital Products,Opex: Other,2026-05-01,22093.83,19562.46,22639.786666666667,-2531.3700000000026,-0.11457361625394974,-3077.3266666666677,-0.135925603539256
Digital Products,Opex: Other,2026-06-01,22160.11,22765.49,22114.793333333335,605.380000000001,0.027318456451705383,650.6966666666667,0.02942359247309267
Digital Products,Opex: Other,2026-07-01,22226.59,23305.29,21682.52666666667,1078.7000000000007,0.04853196104305702,1622.7633333333324,0.07484198489782397
Digital Products,Opex: Other,2026-08-01,22293.27,20545.8,21877.746666666662,-1747.4700000000012,-0.07838553967183823,-1331.946666666663,-0.06088134609840974
Digital Products,Opex: Other,2026-09-01,22360.15,22927.49,22205.52666666667,567.3400000000001,0.02537281726643158,721.9633333333331,0.032512776849246826
Digital Products,Opex: Salaries,2025-04-01,127500.0,130656.63,,3156.6300000000047,0.024757882352941213,,
Digital Products,Opex: Salaries,2025-05-01,128010.0,123578.23,,-4431.770000000004,-0.03462049839856264,,
Digital Products,Opex: Salaries,2025-06-01,128522.04,130951.27,,2429.2300000000105,0.01890127171962109,,
Digital Products,Opex: Salaries,2025-07-01,129036.13,129343.68,128395.37666666666,307.54999999998836,0.0023834409788947354,948.3033333333296,0.007385805921931792
Digital Products,Opex: Salaries,2025-08-01,129552.27,131451.74,127957.72666666667,1899.4699999999866,0.01466180407336735,3494.0133333333215,0.02730599725669807
Digital Products,Opex: Salaries,2025-09-01,130070.48,136171.28,130582.23,6100.800000000003,0.046903801692743836,5589.050000000003,0.04280099979913043
Digital Products,Opex: Salaries,2025-10-01,130590.76,128323.49,132322.2333333333,-2267.2699999999895,-0.017361641819068897,-3998.743333333303,-0.030219738834516625
Digital Products,Opex: Salaries,2025-11-01,131113.13,126837.25,131982.17,-4275.880000000005,-0.032612141896086265,-5144.920000000013,-0.03898193218068783
Digital Products,Opex: Salaries,2025-12-01,131637.58,126808.4,130444.00666666667,-4829.179999999993,-0.036685420683060216,-3635.606666666674,-0.027871013468307605
Digital Products,Opex: Salaries,2026-01-01,132164.13,127607.86,127323.04666666668,-4556.270000000004,-0.0344743312727894,284.8133333333244,0.0022369346382275102
Digital Products,Opex: Salaries,2026-02-01,132692.79,131058.93,127084.50333333334,-1633.8600000000151,-0.01231310307063417,3974.4266666666517,0.031273889124325584
Digital Products,Opex: Salaries,2026-03-01,133223.56,133254.81,128491.73,31.25,0.00023456811993314097,4763.080000000002,0.03706915612389997
Digital Products,Opex: Salaries,2026-04-01,133756.45,133529.16,130640.53333333333,-227.29000000000815,-0.0016992825392719987,2888.626666666678,0.022111258986491262
Digital Products,Opex: Salaries,2026-05-01,134291.48,136281.07,132614.30000000002,1989.5899999999965,0.01481545962558456,3666.7699999999895,0.027649883911463464
Digital Products,Opex: Salaries,2026-06-01,134828.64,133532.95,134355.01333333334,-1295.6900000000023,-0.009609901872480522,-822.0633333333244,-0.0061185906870017135
Digital Products,Opex: Salaries,2026-07-01,135367.96,139917.14,134447.72666666668,4549.180000000022,0.033606032032986406,5469.41333333333,0.04068059363244964
Digital Products,Opex: Salaries,2026-08-01,135909.43,133471.25,136577.05333333334,-2438.179999999993,-0.017939741193822925,-3105.803333333344,-0.022740301225808727
Digital Products,Opex: Salaries,2026-09-01,136453.07,146223.8,135640.44666666668,9770.729999999981,0.07160505806135385,10583.353333333303,0.07802505516176642
Digital Products,Revenue,2025-04-01,425000.0,431567.53,,6567.530000000028,0.015453011764705949,,
Digital Products,Revenue,2025-05-01,429250.0,427332.65,,-1917.3499999999767,-0.004466744321490918,,
Digital Products,Revenue,2025-06-01,433542.5,383630.37,,-49912.130000000005,-0.11512626789761098,,
Digital Products,Revenue,2025-07-01,437877.93,437181.33,414176.85000000003,-696.5999999999767,-0.0015908543278259691,23004.47999999998,0.05554265044026478
Digital Products,Revenue,2025-08-01,442256.7,443854.94,416048.1166666667,1598.2399999999907,0.0036138288012369075,27806.823333333305,0.06683559477715852
Digital Products,Revenue,2025-09-01,446679.27,512696.02,421555.5466666667,66016.75,0.1477945237978024,91140.47333333333,0.2162003893769191
Digital Products,Revenue,2025-10-01,451146.06,445939.09,464577.43,-5206.969999999972,-0.011541650169791957,-18638.339999999967,-0.04011890978001227
Digital Products,Revenue,2025-11-01,455657.52,463901.66,467496.68333333335,8244.139999999956,0.018092843063360297,-3595.0233333333745,-0.007689944039175268
Digital Products,Revenue,2025-12-01,460214.1,459255.61,474178.92333333334,-958.4899999999907,-0.0020827045499040354,-14923.313333333354,-0.03147190353469743
Digital Products,Revenue,2026-01-01,464816.24,432223.01,456365.4533333333,-32593.22999999998,-0.07012067822759373,-24142.4433333333,-0.05290155763762304
Digital Products,Revenue,2026-02-01,469464.4,375571.52,451793.4266666666,-93892.88,-0.2,-76221.90666666656,-0.16870964066261884
Digital Products,Revenue,2026-03-01,474159.05,495551.2,422350.0466666667,21392.150000000023,0.04511597954315123,73201.15333333332,0.17331868176897874
Digital Products,Revenue,2026-04-01,478900.64,501630.18,434448.57666666666,22729.53999999998,0.047461911932295556,67181.60333333333,0.15463649081046207
Digital Products,Revenue,2026-05-01,483689.64,457297.97,457584.3,-26391.670000000042,-0.0545632319104458,-286.3300000000163,-0.0006257426227255094
Digital Products,Revenue,2026-06-01,488526.54,529644.68,484826.45,41118.14000000007,0.08416766876166047,44818.23000000004,0.09244180056595518
Digital Products,Revenue,2026-07-01,493411.81,451910.41,496190.94333333336,-41501.40000000002,-0.08411107954631249,-44280.533333333384,-0.0892409140639764
Digital Products,Revenue,2026-08-01,498345.92,515893.39,479617.6866666667,17547.47000000003,0.0352114250278201,36275.70333333331,0.07563462387187746
Digital Products,Revenue,2026-09-01,503329.38,569480.62,499149.49333333335,66151.23999999999,0.1314273369061031,70331.12666666665,0.14090192939392476
Enterprise Services,COGS,2025-04-01,242000.0,267941.72,,25941.719999999972,0.10719719008264451,,
Enterprise Services,COGS,2025-05-01,243936.0,251667.78,,7731.779999999999,0.031695936639118454,,
Enterprise Services,COGS,2025-06-01,245887.49,220989.63,,-24897.859999999986,-0.10125712373573778,,
Enterprise Services,COGS,2025-07-01,247854.59,250165.27,246866.37666666668,2310.679999999993,0.00932272426344815,3298.8933333333116,0.013363072678737733
Enterprise Services,COGS,2025-08-01,249837.42,241570.47,240940.8933333333,-8266.950000000012,-0.03308931864570172,629.5766666666896,0.0026129921656582065
Enterprise Services,COGS,2025-09-01,251836.12,262569.8,237575.12333333332,10733.679999999993,0.04262168588048447,24994.676666666666,0.10520746581533923
Enterprise Services,COGS,2025-10-01,253850.81,243791.71,251435.17999999996,-10059.100000000006,-0.039626030738290755,-7643.469999999972,-0.030399365753034136
Enterprise Services,COGS,2025-11-01,255881.62,254413.67,249310.66,-1467.9499999999825,-0.005736832524352404,5103.010000000009,0.02046847896515941
Enterprise Services,COGS,2025-12-01,257928.67,264441.21,253591.72666666665,6512.540000000008,0.025249383870354573,10849.483333333366,0.042783270085125676
Enterprise Services,COGS,2026-01-01,259992.1,271246.58,254215.53,11254.48000000001,0.04328777682091114,17031.050000000017,0.06699453019254968
Enterprise Services,COGS,2026-02-01,262072.04,246343.83,263367.1533333333,-15728.210000000021,-0.060014834089130685,-17023.323333333334,-0.06463723026154135
Enterprise Services,COGS,2026-03-01,264168.61,259750.38,260677.20666666667,-4418.229999999981,-0.016725037846093756,-926.8266666666605,-0.003555457258876542
Enterprise Services,COGS,2026-04-01,266281.96,259958.5,259113.59666666665,-6323.460000000021,-0.023747233947053793,844.90333333335,0.0032607448787037798
Enterprise Services,COGS,2026-05-01,268412.22,259644.14,255350.90333333332,-8768.079999999958,-0.03266647099748275,4293.236666666693,0.016813085877602444
Enterprise Services,COGS,2026-06-01,270559.52,294442.54,259784.34,23883.01999999996,0.08827270243530873,34658.19999999998,0.13341142887981616
Enterprise Services,COGS,2026-07-01,272723.99,278246.4,271348.3933333333,5522.410000000033,0.020249080398097846,6898.006666666712,0.025421218021338985
Enterprise Services,COGS,2026-08-01,274905.79,257574.57,277444.36,-17331.219999999972,-0.06304421598395571,-19869.78999999998,-0.07161720641933388
Enterprise Services,COGS,2026-09-01,277105.03,289822.24,276754.50333333336,12717.209999999963,0.045893104141776,13067.736666666635,0.04721779233679667
Enterprise Services,Headcount Cost,2025-04-01,99000.0,104059.55,,5059.550000000003,0.05110656565656568,,
Enterprise Services,Headcount Cost,2025-05-01,99594.0,97237.32,,-2356.679999999993,-0.023662871257304586,,
Enterprise Services,Headcount Cost,2025-06-01,100191.56,102384.15,,2192.5899999999965,0.0218839790497323,,
Enterprise Services,Headcount Cost,2025-07-01,100792.71,99977.53,101227.00666666667,-815.1800000000076,-0.008087688087759596,-1249.4766666666692,-0.012343313388502211
Enterprise Services,Headcount Cost,2025-08-01,101397.47,100514.58,99866.33333333333,-882.8899999999994,-0.00870721922351711,648.2466666666733,0.006491143161359083
Enterprise Services,Headcount Cost,2025-09-01,102005.85,106489.12,100958.75333333334,4483.2699999999895,0.0439511067257416,5530.366666666654,0.054778476200148404
Enterprise Services,Headcount Cost,2025-10-01,102617.89,106005.99,102327.07666666666,3388.100000000006,0.03301666015545638,3678.913333333345,0.03595249129726933
Enterprise Services,Headcount Cost,2025-11-01,103233.6,106592.86,104336.56333333334,3359.2599999999948,0.03254037445172884,2256.2966666666616,0.021625177163045607
Enterprise Services,Headcount Cost,2025-12-01,103853.0,109276.11,106362.65666666666,5423.110000000001,0.0522190981483443,2913.4533333333384,0.027391693895573735
Enterprise Services,Headcount Cost,2026-01-01,104476.12,104563.89,107291.65333333334,87.77000000000407,0.0008400962822892359,-2727.763333333336,-0.02542381675169764
Enterprise Services,Headcount Cost,2026-02-01,105102.97,107969.98,106810.95333333332,2867.0099999999948,0.027278106413167913,1159.026666666672,0.010851196721834386
Enterprise Services,Headcount Cost,2026-03-01,105733.59,104421.37,107269.99333333333,-1312.2200000000012,-0.012410625611028635,-2848.6233333333366,-0.026555640070578326
Enterprise Services,Headcount Cost,2026-04-01,106367.99,79775.99,105651.74666666666,-26592.0,-0.25000002350331146,-25875.756666666653,-0.2449155596859669
Enterprise Services,Headcount Cost,2026-05-01,107006.2,106449.16,97389.11333333333,-557.0399999999936,-0.005205679670897514,9060.046666666676,0.0930293577646291
Enterprise Services,Headcount Cost,2026-06-01,107648.24,108065.9,96882.17333333334,417.65999999998894,0.003879859066901502,11183.726666666655,0.11543637267702349
Enterprise Services,Headcount Cost,2026-07-01,108294.13,110872.21,98097.01666666668,2578.0800000000017,0.02380627648054425,12775.193333333329,0.1302301921855931
Enterprise Services,Headcount Cost,2026-08-01,108943.89,105378.29,108462.42333333334,-3565.600000000006,-0.03272877441773014,-3084.133333333346,-0.028435039883398135
Enterprise Services,Headcount Cost,2026-09-01,109597.56,118770.38,108105.46666666667,9172.820000000007,0.0836954764321396,10664.91333333333,0.09865285875151546
Enterprise Services,Opex: Marketing,2025-04-01,66000.0,88329.35,,22329.350000000006,0.33832348484848496,,
Enterprise Services,Opex: Marketing,2025-05-01,66330.0,77929.11,,11599.11,0.17486974219810042,,
Enterprise Services,Opex: Marketing,2025-06-01,66661.65,52802.33,,-13859.319999999992,-0.20790544488472748,,
Enterprise Services,Opex: Marketing,2025-07-01,66994.96,63468.67,73020.26333333334,-3526.290000000008,-0.05263515345034922,-9551.593333333338,-0.13080743477643814
Enterprise Services,Opex: Marketing,2025-08-01,67329.93,81471.69,64733.369999999995,14141.76000000001,0.2100367548280536,16738.320000000007,0.25857328299144644
Enterprise Services,Opex: Marketing,2025-09-01,67666.58,61837.08,65914.23,-5829.5,-0.08615035664577698,-4077.149999999994,-0.06185538388296419
Enterprise Services,Opex: Marketing,2025-10-01,68004.92,73892.3,68925.81333333334,5887.380000000005,0.08657285384645706,4966.486666666664,0.0720555395211392
Enterprise Services,Opex: Marketing,2025-11-01,68344.94,77653.19,72400.35666666667,9308.25,0.1361951594368215,5252.8333333333285,0.07255258917462969
Enterprise Services,Opex: Marketing,2025-12-01,68686.66,60510.23,71127.52333333333,-8176.43,-0.11903956314079037,-10617.293333333328,-0.1492712361651656
Enterprise Services,Opex: Marketing,2026-01-01,69030.1,69794.34,70685.24,764.2399999999907,0.01107111245673975,-890.9000000000087,-0.012603762822337572
Enterprise Services,Opex: Marketing,2026-02-01,69375.25,37033.19,69319.25333333334,-32342.059999999998,-0.466190175891258,-32286.06333333334,-0.4657589598964713
Enterprise Services,Opex: Marketing,2026-03-01,69722.12,60403.19,55779.253333333334,-9318.929999999993,-0.13365815612032442,4623.936666666668,0.08289706997392582
Enterprise Services,Opex: Marketing,2026-04-01,70070.74,68817.5,55743.573333333334,-1253.2400000000052,-0.0178853541435413,13073.926666666666,0.23453693197039394
Enterprise Services,Opex: Marketing,2026-05-01,70421.09,58648.97,55417.96,-11772.119999999995,-0.16716753461214526,3231.010000000002,0.05830257916386677
Enterprise Services,Opex: Marketing,2026-06-01,70773.19,89518.3,62623.22,18745.11,0.2648617364852425,26895.08,0.4294745623109128
Enterprise Services,Opex: Marketing,2026-07-01,71127.06,57291.34,72328.25666666667,-13835.720000000001,-0.19452118504546653,-15036.916666666672,-0.20789823175147276
Enterprise Services,Opex: Marketing,2026-08-01,71482.7,68194.01,68486.20333333332,-3288.6900000000023,-0.04600679604995338,-292.19333333332906,-0.004266455418928354
Enterprise Services,Opex: Marketing,2026-09-01,71840.11,74685.77,71667.88333333333,2845.6600000000035,0.03961101952655701,3017.8866666666727,0.04210933163227702
Enterprise Services,Opex: Other,2025-04-01,27500.0,28547.73,,1047.7299999999996,0.03809927272727271,,
Enterprise Services,Opex: Other,2025-05-01,27582.5,26140.76,,-1441.7400000000016,-0.05227009879452557,,
Enterprise Services,Opex: Other,2025-06-01,27665.25,27366.12,,-299.130000000001,-0.010812481361997488,,
Enterprise Services,Opex: Other,2025-07-01,27748.24,26657.73,27351.536666666667,-1090.510000000002,-0.039300150207724954,-693.8066666666673,-0.025366277409642212
Enterprise Services,Opex: Other,2025-08-01,27831.49,26469.51,26721.536666666667,-1361.9800000000032,-0.04893665412811183,-252.02666666666846,-0.00943159331779953
Enterprise Services,Opex: Other,2025-09-01,27914.98,30565.8,26831.12,2650.8199999999997,0.09496048358264988,3734.6800000000003,0.13919210230508455
Enterprise Services,Opex: Other,2025-10-01,27998.73,29278.31,27897.680000000004,1279.5800000000017,0.04570135859733644,1380.6299999999974,0.049489061456006275
Enterprise Services,Opex: Other,2025-11-01,28082.72,26417.67,28771.206666666665,-1665.050000000003,-0.059290909142704226,-2353.536666666667,-0.08180180601856347
Enterprise Services,Opex: Other,2025-12-01,28166.97,30982.54,28753.926666666666,2815.5699999999997,0.0999599885965725,2228.6133333333346,0.07750639970564024
Enterprise Services,Opex: Other,2026-01-01,28251.47,29402.15,28892.84,1150.6800000000003,0.04072991600083112,509.3100000000013,0.01762755063192131
Enterprise Services,Opex: Other,2026-02-01,28336.23,30922.93,28934.12,2586.7000000000007,0.09128596147052734,1988.8100000000013,0.06873580395740397
Enterprise Services,Opex: Other,2026-03-01,28421.24,30494.93,30435.873333333337,2073.6899999999987,0.07296268565340565,59.05666666666366,0.0019403637943907744
Enterprise Services,Opex: Other,2026-04-01,28506.5,26428.39,30273.336666666666,-2078.1100000000006,-0.07289951414589657,-3844.9466666666667,-0.1270076935688512
Enterprise Services,Opex: Other,2026-05-01,28592.02,27276.27,29282.083333333332,-1315.75,-0.04601808476630892,-2005.8133333333317,-0.0684996798383539
Enterprise Services,Opex: Other,2026-06-01,28677.8,31107.65,28066.53,2429.850000000002,0.08472930280565463,3041.1200000000026,0.10835397179487463
Enterprise Services,Opex: Other,2026-07-01,28763.83,30807.13,28270.77,2043.2999999999993,0.07103713239857137,2536.3600000000006,0.08971669324889278
Enterprise Services,Opex: Other,2026-08-01,28850.12,29078.32,29730.350000000002,228.20000000000073,0.007909845782270601,-652.0300000000025,-0.021931460611799136
Enterprise Services,Opex: Other,2026-09-01,28936.67,29565.54,30331.033333333336,628.8700000000026,0.021732631985643222,-765.4933333333356,-0.02523795760337879
Enterprise Services,Opex: Salaries,2025-04-01,165000.0,170484.3,,5484.299999999988,0.03323818181818175,,
Enterprise Services,Opex: Salaries,2025-05-01,165660.0,156867.45,,-8792.549999999988,-0.0530758783049619,,
Enterprise Services,Opex: Salaries,2025-06-01,166322.64,170463.23,,4140.5899999999965,0.02489492711274903,,
Enterprise Services,Opex: Salaries,2025-07-01,166987.93,165369.32,165938.32666666666,-1618.609999999986,-0.009692976013296207,-569.0066666666535,-0.003429024976307383
Enterprise Services,Opex: Salaries,2025-08-01,167655.88,161042.65,164233.33333333334,-6613.2300000000105,-0.039445261329337275,-3190.683333333349,-0.01942774507814095
Enterprise Services,Opex: Salaries,2025-09-01,168326.51,168976.77,165625.06666666668,650.2599999999802,0.0038630872819734705,3351.7033333333093,0.02023669122548263
Enterprise Services,Opex: Salaries,2025-10-01,168999.81,168319.05,165129.58,-680.7600000000093,-0.004028170209185497,3189.470000000001,0.0193149525360629
Enterprise Services,Opex: Salaries,2025-11-01,169675.81,164923.78,166112.82333333333,-4752.029999999999,-0.028006526092316866,-1189.0433333333349,-0.007158046618395735
Enterprise Services,Opex: Salaries,2025-12-01,170354.51,169007.7,167406.53333333333,-1346.8099999999977,-0.007905925120503107,1601.166666666686,0.009564541089196953
Enterprise Services,Opex: Salaries,2026-01-01,171035.93,167348.5,167416.84333333332,-3687.429999999993,-0.021559388135580594,-68.34333333332324,-0.0004082225657381979
Enterprise Services,Opex: Salaries,2026-02-01,171720.08,170587.67,167093.32666666666,-1132.4099999999744,-0.006594511253430435,3494.3433333333523,0.020912524773082017
Enterprise Services,Opex: Salaries,2026-03-01,172406.96,174107.56,168981.29,1700.6000000000058,0.009863870924932532,5126.2699999999895,0.030336317115344482
Enterprise Services,Opex: Salaries,2026-04-01,173096.58,179601.64,170681.24333333332,6505.060000000027,0.03758052296584963,8920.396666666697,0.052263485386297166
Enterprise Services,Opex: Salaries,2026-05-01,173788.97,165597.52,174765.62333333332,-8191.450000000012,-0.047134464287348105,-9168.103333333333,-0.052459420556907006
Enterprise Services,Opex: Salaries,2026-06-01,174484.13,183904.7,173102.24,9420.570000000007,0.05399098473884133,10802.460000000021,0.06240508499485634
Enterprise Services,Opex: Salaries,2026-07-01,175182.06,163171.12,176367.95333333337,-12010.940000000002,-0.06856261423116045,-13196.833333333372,-0.07482557394308201
Enterprise Services,Opex: Salaries,2026-08-01,175882.79,173323.07,170891.11333333334,-2559.720000000001,-0.014553555808388081,2431.956666666665,0.014231030620784757
Enterprise Services,Opex: Salaries,2026-09-01,176586.32,177937.12,173466.29666666666,1350.7999999999884,0.007649516678302081,4470.823333333334,0.0257734408311286
Enterprise Services,Revenue,2025-04-01,550000.0,524496.77,,-25503.22999999998,-0.046369509090909054,,
Enterprise Services,Revenue,2025-05-01,555500.0,547606.84,,-7893.160000000033,-0.014209108910891147,,
Enterprise Services,Revenue,2025-06-01,561055.0,544716.06,,-16338.939999999944,-0.02912181515181211,,
Enterprise Services,Revenue,2025-07-01,566665.55,569449.27,538939.89,2783.719999999972,0.004912456739252937,30509.380000000005,0.05660998669072353
Enterprise Services,Revenue,2025-08-01,572332.21,651817.42,553924.0566666666,79485.21000000008,0.1388794979754854,97893.3633333334,0.1767270479683146
Enterprise Services,Revenue,2025-09-01,578055.53,513292.55,588660.9166666667,-64762.98000000004,-0.11203591461187135,-75368.36666666676,-0.12803358356699704
Enterprise Services,Revenue,2025-10-01,583836.08,607875.89,578186.4133333333,24039.810000000056,0.04117561559402094,29689.476666666684,0.05134931569128769
Enterprise Services,Revenue,2025-11-01,589674.44,532615.8,590995.2866666667,-57058.6399999999,-0.09676295279137401,-58379.48666666669,-0.09878164510573144
Enterprise Services,Revenue,2025-12-01,595571.19,578707.05,551261.4133333333,-16864.139999999898,-0.028315909639618227,27445.636666666716,0.04978697221107885
Enterprise Services,Revenue,2026-01-01,601526.9,640828.88,573066.2466666667,39301.97999999998,0.06533702815285564,67762.6333333333,0.1182457241679923
Enterprise Services,Revenue,2026-02-01,607542.17,609885.34,584050.5766666667,2343.1699999999255,0.0038568022364602697,25834.763333333307,0.044233777630662115
Enterprise Services,Revenue,2026-03-01,613617.59,573938.2,609807.09,-39679.390000000014,-0.06466468798588387,-35868.890000000014,-0.058820060619498564
Enterprise Services,Revenue,2026-04-01,619753.77,593155.04,608217.4733333333,-26598.72999999998,-0.04291822218362622,-15062.433333333232,-0.024764880973878686
Enterprise Services,Revenue,2026-05-01,625951.3,651475.01,592326.1933333334,25523.709999999963,0.04077587186095781,59148.81666666665,0.099858519397572
Enterprise Services,Revenue,2026-06-01,632210.82,604506.08,606189.4166666666,-27704.73999999999,-0.043821995960145056,-1683.3366666666698,-0.0027769153013641416
Enterprise Services,Revenue,2026-07-01,638532.93,646825.88,616378.71,8292.949999999953,0.012987505593485918,30447.170000000042,0.049396855384573626
Enterprise Services,Revenue,2026-08-01,644918.25,646681.66,634268.99,1763.4100000000326,0.002734315550846999,12412.670000000042,0.019570040780332084
Enterprise Services,Revenue,2026-09-01,651367.44,625901.56,632671.2066666667,-25465.87999999989,-0.03909602850274477,-6769.646666666609,-0.010700102352268594
Logistics,COGS,2025-04-01,154000.0,155886.24,,1886.2399999999907,0.012248311688311628,,
Logistics,COGS,2025-05-01,155232.0,151297.31,,-3934.6900000000023,-0.02534715780251496,,
Logistics,COGS,2025-06-01,156473.86,152788.6,,-3685.25999999998,-0.023551921068477383,,
Logistics,COGS,2025-07-01,157725.65,159555.66,153324.05000000002,1830.0100000000093,0.011602488244619753,6231.609999999986,0.040643395475138996
Logistics,COGS,2025-08-01,158987.45,147476.09,154547.19,-11511.360000000015,-0.07240420548917549,-7071.100000000006,-0.04575366268387025
Logistics,COGS,2025-09-01,160259.35,148981.39,153273.44999999998,-11277.959999999992,-0.07037317947439567,-4292.059999999969,-0.028002631897435393
Logistics,COGS,2025-10-01,161541.43,155738.5,152004.38,-5802.929999999993,-0.03592223988607748,3734.1199999999953,0.024565871062399616
Logistics,COGS,2025-11-01,162833.76,161095.94,150731.99333333332,-1737.820000000007,-0.010672356887171351,10363.946666666685,0.06875744450448246
Logistics,COGS,2025-12-01,164136.43,166687.99,155271.94333333336,2551.5599999999977,0.015545360649064914,11416.046666666633,0.07352291999179138
Logistics,COGS,2026-01-01,165449.52,177654.37,161174.14333333334,12204.850000000006,0.07376781751920469,16480.226666666655,0.10225105792920498
Logistics,COGS,2026-02-01,166773.12,173924.84,168479.43333333335,7151.720000000001,0.04288292981506853,5445.406666666648,0.032320898515209355
Logistics,COGS,2026-03-01,168107.3,166762.96,172755.7333333333,-1344.3399999999965,-0.007996916255272653,-5992.773333333316,-0.03468928768789526
Logistics,COGS,2026-04-01,169452.16,169291.04,172780.7233333333,-161.11999999999534,-0.0009508288357020373,-3489.6833333332906,-0.020197179789558456
Logistics,COGS,2026-05-01,170807.78,162245.79,169992.94666666666,-8561.98999999999,-0.050126463794564806,-7747.156666666648,-0.04557340065325052
Logistics,COGS,2026-06-01,172174.24,172014.86,166099.93000000002,-159.38000000000466,-0.0009256901613156804,5914.929999999964,0.035610671238693256
Logistics,COGS,2026-07-01,173551.63,171046.77,167850.56333333335,-2504.860000000015,-0.01443293848637443,3196.206666666636,0.01904197759717559
Logistics,COGS,2026-08-01,174940.05,177762.87,168435.80666666667,2822.820000000007,0.016135927707806228,9327.063333333324,0.05537458761242804
Logistics,COGS,2026-09-01,176339.57,169045.89,173608.16666666666,-7293.679999999993,-0.041361561673310156,-4562.276666666643,-0.026279159294541502
Logistics,Headcount Cost,2025-04-01,63000.0,63837.43,,837.4300000000003,0.013292539682539687,,
Logistics,Headcount Cost,2025-05-01,63378.0,61480.5,,-1897.5,-0.02993941115213481,,
Logistics,Headcount Cost,2025-06-01,63758.27,67714.22,,3955.9500000000044,0.062046068690383295,,
Logistics,Headcount Cost,2025-07-01,64140.82,64437.6,64344.049999999996,296.77999999999884,0.004627006639453609,93.55000000000291,0.0014539028861254913
Logistics,Headcount Cost,2025-08-01,64525.66,67569.46,64544.10666666667,3043.800000000003,0.04717193129059048,3025.35333333334,0.046872650185671584
Logistics,Headcount Cost,2025-09-01,64912.82,65088.13,66573.76,175.30999999999767,0.0027006991839207983,-1485.6299999999974,-0.022315548949015312
Logistics,Headcount Cost,2025-10-01,65302.29,70685.16,65698.39666666667,5382.870000000003,0.08243003423004006,4986.763333333336,0.07590388177408088
Logistics,Headcount Cost,2025-11-01,65694.11,70306.73,67780.91666666667,4612.619999999995,0.07021360058002149,2525.8133333333244,0.03726437259258062
Logistics,Headcount Cost,2025-12-01,66088.27,65430.13,68693.34000000001,-658.1400000000067,-0.00995849944324472,-3263.2100000000137,-0.04750402295186132
Logistics,Headcount Cost,2026-01-01,66484.8,69068.59,68807.34,2583.7899999999936,0.03886286790364103,261.25,0.003796833302958667
Logistics,Headcount Cost,2026-02-01,66883.71,68610.32,68268.48333333332,1726.6100000000006,0.025815105053233447,341.8366666666843,0.005007239797574005
Logistics,Headcount Cost,2026-03-01,67285.01,70968.55,67703.01333333332,3683.540000000008,0.054745328862996503,3265.5366666666814,0.04823325441349162
Logistics,Headcount Cost,2026-04-01,67688.72,65076.15,69549.15333333334,-2612.5699999999997,-0.0385968297228844,-4473.003333333334,-0.06431427442251154
Logistics,Headcount Cost,2026-05-01,68094.85,69963.52,68218.34000000001,1868.6699999999983,0.027442163394147987,1745.179999999993,0.025582270105077208
Logistics,Headcount Cost,2026-06-01,68503.42,71403.65,68669.40666666666,2900.229999999996,0.04233701032736754,2734.243333333332,0.03981748883612506
Logistics,Headcount Cost,2026-07-01,68914.44,64066.34,68814.43999999999,-4848.100000000006,-0.0703495522854137,-4748.099999999991,-0.06899859971250209
Logistics,Headcount Cost,2026-08-01,69327.93,66046.62,68477.83666666666,-3281.3099999999977,-0.047330275114228826,-2431.21666666666,-0.0355037014165799
Logistics,Headcount Cost,2026-09-01,69743.9,64054.94,67172.20333333332,-5688.959999999992,-0.08156928419546358,-3117.2633333333215,-0.04640704307203245
Logistics,Opex: Marketing,2025-04-01,42000.0,46111.88,,4111.879999999997,0.0979019047619047,,
Logistics,Opex: Marketing,2025-05-01,42210.0,52758.74,,10548.739999999998,0.24991092158256334,,
Logistics,Opex: Marketing,2025-06-01,42421.05,42577.41,,156.36000000000058,0.0036859059358502577,,
Logistics,Opex: Marketing,2025-07-01,42633.16,46054.75,47149.34333333333,3421.5899999999965,0.08025654209071052,-1094.5933333333305,-0.023215452346702827
Logistics,Opex: Marketing,2025-08-01,42846.32,48138.77,47130.299999999996,5292.449999999997,0.12352169334495931,1008.4700000000012,0.021397487391338506
Logistics,Opex: Marketing,2025-09-01,43060.55,41330.25,45590.31,-1730.300000000003,-0.04018295168083089,-4260.059999999998,-0.09344222489384253
Logistics,Opex: Marketing,2025-10-01,43275.86,45596.04,45174.59,2320.1800000000003,0.053613723678743765,421.45000000000437,0.009329359713060028
Logistics,Opex: Marketing,2025-11-01,43492.23,44444.23,45021.68666666667,952.0,0.021888967293698207,-577.4566666666651,-0.012826189097313511
Logistics,Opex: Marketing,2025-12-01,43709.7,45224.3,43790.17333333334,1514.6000000000058,0.034651347412588185,1434.1266666666634,0.03274996551737779
Logistics,Opex: Marketing,2026-01-01,43928.24,39713.26,45088.19,-4214.979999999996,-0.09595148815431705,-5374.93,-0.11920926522000551
Logistics,Opex: Marketing,2026-02-01,44147.89,45193.15,43127.263333333336,1045.260000000002,0.023676329718136067,2065.8866666666654,0.04790210430695074
Logistics,Opex: Marketing,2026-03-01,44368.62,48570.32,43376.90333333333,4201.699999999997,0.09469981261531228,5193.4166666666715,0.11972769533033376
Logistics,Opex: Marketing,2026-04-01,44590.47,55188.35,44492.24333333334,10597.879999999997,0.23767141274806022,10696.10666666666,0.24040385166762757
Logistics,Opex: Marketing,2026-05-01,44813.42,52157.92,49650.60666666667,7344.5,0.16389063811688553,2507.3133333333317,0.05049914797952784
Logistics,Opex: Marketing,2026-06-01,45037.49,60484.33,51972.19666666666,15446.840000000004,0.3429773728509294,8512.133333333339,0.16378244290745467
Logistics,Opex: Marketing,2026-07-01,45262.67,40958.1,55943.53333333333,-4304.57,-0.09510199022726674,-14985.433333333334,-0.26786712315870886
Logistics,Opex: Marketing,2026-08-01,45488.99,52350.92,51200.11666666666,6861.93,0.15084815028867427,1150.803333333337,0.022476576388009605
Logistics,Opex: Marketing,2026-09-01,45716.43,47888.02,51264.450000000004,2171.5899999999965,0.04750130314199942,-3376.4300000000076,-0.06586299082502606
Logistics,Opex: Other,2025-04-01,17500.0,14677.01,,-2822.99,-0.16131371428571428,,
Logistics,Opex: Other,2025-05-01,17552.5,20104.41,,2551.91,0.14538726677111521,,
Logistics,Opex: Other,2025-06-01,17605.16,17579.56,,-25.599999999998545,-0.0014541191332540315,,
Logistics,Opex: Other,2025-07-01,17657.97,20020.29,17453.66,2362.3199999999997,0.13378208253836651,2566.630000000001,0.1470539703420372
Logistics,Opex: Other,2025-08-01,17710.95,15064.17,19234.753333333334,-2646.7800000000007,-0.1494431411076199,-4170.583333333334,-0.2168254128897936
Logistics,Opex: Other,2025-09-01,17764.08,28422.53,17554.673333333336,10658.449999999997,0.6000001125867479,10867.856666666663,0.6190862376248525
Logistics,Opex: Other,2025-10-01,17817.37,18004.89,21168.99666666667,187.52000000000044,0.010524561144546049,-3164.10666666667,-0.14946890098239593
Logistics,Opex: Other,2025-11-01,17870.82,18133.49,20497.196666666667,262.6700000000019,0.01469826230693398,-2363.706666666665,-0.11531853380275246
Logistics,Opex: Other,2025-12-01,17924.44,17296.96,21520.303333333333,-627.4799999999996,-0.03500695140266583,-4223.343333333334,-0.19624924741612226
Logistics,Opex: Other,2026-01-01,17978.21,19277.76,17811.78,1299.5499999999993,0.07228472689995274,1465.9799999999996,0.08230395839158128
Logistics,Opex: Other,2026-02-01,18032.14,16287.32,18236.07,-1744.8199999999997,-0.09676167110503799,-1948.75,-0.10686238866159212
Logistics,Opex: Other,2026-03-01,18086.24,18009.59,17620.68,-76.65000000000146,-0.00423802846805093,388.90999999999985,0.022071225401062832
Logistics,Opex: Other,2026-04-01,18140.5,18540.13,17858.22333333333,399.630000000001,0.022029712521705633,681.9066666666695,0.038184462918763824
Logistics,Opex: Other,2026-05-01,18194.92,19312.89,17612.346666666668,1117.9700000000012,0.06144407340070752,1700.5433333333312,0.09655404617669713
Logistics,Opex: Other,2026-06-01,18249.51,19730.66,18620.87,1481.1500000000015,0.08116108322908405,1109.7900000000009,0.05959925610350112
Logistics,Opex: Other,2026-07-01,18304.25,16428.72,19194.56,-1875.5299999999988,-0.10246418181569848,-2765.84,-0.14409499358151476
Logistics,Opex: Other,2026-08-01,18359.17,15726.25,18490.756666666668,-2632.9199999999983,-0.143411711967371,-2764.506666666668,-0.1495074926625502
Logistics,Opex: Other,2026-09-01,18414.24,20951.13,17295.210000000003,2536.8899999999994,0.13776783619633495,3655.9199999999983,0.21138338302917384
Logistics,Opex: Salaries,2025-04-01,105000.0,110847.88,,5847.880000000005,0.055694095238095286,,
Logistics,Opex: Salaries,2025-05-01,105420.0,101809.48,,-3610.520000000004,-0.03424890912540319,,
Logistics,Opex: Salaries,2025-06-01,105841.68,102116.94,,-3724.7399999999907,-0.035191618273632756,,
Logistics,Opex: Salaries,2025-07-01,106265.05,103291.56,104924.76666666666,-2973.4900000000052,-0.02798182469212601,-1633.2066666666651,-0.015565502012076576
Logistics,Opex: Salaries,2025-08-01,106690.11,98825.25,102405.99333333333,-7864.860000000001,-0.07371686091616178,-3580.743333333332,-0.03496615009316836
Logistics,Opex: Salaries,2025-09-01,107116.87,104356.18,101411.25,-2760.6900000000023,-0.025772691080312583,2944.929999999993,0.02903948033378933
Logistics,Opex: Salaries,2025-10-01,107545.33,104020.65,102157.66333333333,-3524.6800000000076,-0.0327739010145769,1862.986666666664,0.0182363868346114
Logistics,Opex: Salaries,2025-11-01,107975.52,107382.93,102400.69333333334,-592.5900000000111,-0.00548818843382288,4982.236666666649,0.04865432551758747
Logistics,Opex: Salaries,2025-12-01,108407.42,108434.81,105253.25333333334,27.389999999999418,0.0002526579822672601,3181.5566666666564,0.03022763255203883
Logistics,Opex: Salaries,2026-01-01,108841.05,113878.77,106612.79666666668,5037.720000000001,0.04628511025941041,7265.973333333328,0.06815291935405247
Logistics,Opex: Salaries,2026-02-01,109276.41,111299.42,109898.83666666667,2023.0099999999948,0.0185127787415417,1400.5833333333285,0.012744296262038034
Logistics,Opex: Salaries,2026-03-01,109713.52,106717.56,111204.33333333333,-2995.9600000000064,-0.027307117664258754,-4486.773333333331,-0.040347108775737134
Logistics,Opex: Salaries,2026-04-01,110152.37,106081.97,110631.91666666667,-4070.399999999994,-0.03695245050106497,-4549.94666666667,-0.041126889994825215
Logistics,Opex: Salaries,2026-05-01,110592.98,111119.14,108032.98333333334,526.1600000000035,0.004757625664847837,3086.156666666662,0.02856680035526183
Logistics,Opex: Salaries,2026-06-01,111035.35,105527.22,107972.89000000001,-5508.130000000005,-0.04960699452921979,-2445.670000000013,-0.022650778357419278
Logistics,Opex: Salaries,2026-07-01,111479.49,116489.8,107576.11,5010.309999999998,0.04494378293262732,8913.690000000002,0.082859382069123
Logistics,Opex: Salaries,2026-08-01,111925.41,114766.44,111045.38666666666,2841.029999999999,0.025383244072994672,3721.053333333344,0.03350930142197723
Logistics,Opex: Salaries,2026-09-01,112373.11,109667.7,112261.15333333334,-2705.4100000000035,-0.02407524362367477,-2593.4533333333384,-0.02310196587445243
Logistics,Revenue,2025-04-01,350000.0,328873.63,,-21126.369999999995,-0.06036105714285713,,
Logistics,Revenue,2025-05-01,353500.0,327747.06,,-25752.940000000002,-0.07285131541725602,,
Logistics,Revenue,2025-06-01,357035.0,381844.17,,24809.169999999984,0.06948666097161338,,
Logistics,Revenue,2025-07-01,360605.35,377734.02,346154.9533333333,17128.670000000042,0.047499766711725275,31579.06666666671,0.09122812301997406
Logistics,Revenue,2025-08-01,364211.4,377850.1,362441.75,13638.699999999953,0.037447207857853854,15408.349999999977,0.042512624442410336
Logistics,Revenue,2025-09-01,367853.52,381721.86,379142.76333333337,13868.339999999967,0.03770071304469227,2579.096666666621,0.006802442024718642
Logistics,Revenue,2025-10-01,371532.05,371259.05,379101.99333333335,-273.0,-0.0007347952888586598,-7842.943333333358,-0.020688214441640474
Logistics,Revenue,2025-11-01,375247.37,355045.83,376943.67,-20201.53999999998,-0.053835260724145725,-21897.839999999967,-0.05809313630336323
Logistics,Revenue,2025-12-01,378999.85,380723.64,369342.24666666664,1723.7900000000373,0.004548260375301039,11381.39333333337,0.03081530324800655
Logistics,Revenue,2026-01-01,382789.85,367237.21,369009.50666666665,-15552.639999999956,-0.04062970844185121,-1772.2966666666325,-0.004802848259049277
Logistics,Revenue,2026-02-01,386617.74,409237.66,367668.8933333333,22619.919999999984,0.05850719628126734,41568.76666666666,0.11306033069536804
Logistics,Revenue,2026-03-01,390483.92,387038.51,385732.83666666667,-3445.4099999999744,-0.008823436314611815,1305.6733333333395,0.003384916214591409
Logistics,Revenue,2026-04-01,394388.76,374854.75,387837.7933333333,-19534.01000000001,-0.04952983447094184,-12983.043333333277,-0.03347544658231591
Logistics,Revenue,2026-05-01,398332.65,390651.54,390376.9733333333,-7681.110000000044,-0.019283154418800578,274.56666666665114,0.0007033372494340372
Logistics,Revenue,2026-06-01,402315.97,412283.71,384181.60000000003,9967.740000000049,0.024775899400662743,28102.109999999986,0.07314798522365461
Logistics,Revenue,2026-07-01,406339.13,392595.33,392596.6666666667,-13743.799999999988,-0.03382347154210816,-1.336666666669771,-3.404681649537959e-06
Logistics,Revenue,2026-08-01,410402.53,390156.05,398510.19333333336,-20246.48000000004,-0.049333224139724574,-8354.14333333337,-0.02096343700384486
Logistics,Revenue,2026-09-01,414506.55,420567.15,398345.02999999997,6060.600000000035,0.014621240605245044,22222.120000000054,0.05578611084968239
Retail Sales,COGS,2025-04-01,286000.0,273015.26,,-12984.73999999999,-0.04540118881118878,,
Retail Sales,COGS,2025-05-01,288288.0,267930.49,,-20357.51000000001,-0.07061518342768346,,
Retail Sales,COGS,2025-06-01,290594.3,311889.76,,21295.46000000002,0.073282442222714,,
Retail Sales,COGS,2025-07-01,292919.06,289612.35,284278.50333333336,-3306.710000000021,-0.011288818146555642,5333.846666666621,0.018762750627022862
Retail Sales,COGS,2025-08-01,295262.41,296259.34,289810.86666666664,996.9300000000512,0.003376420317100478,6448.473333333386,0.02225062644303901
Retail Sales,COGS,2025-09-01,297624.51,276422.51,299253.81666666665,-21202.0,-0.07123741253702526,-22831.306666666642,-0.07629412022536713
Retail Sales,COGS,2025-10-01,300005.51,291839.62,287431.39999999997,-8165.890000000014,-0.027219133408583108,4408.22000000003,0.015336598576216902
Retail Sales,COGS,2025-11-01,302405.55,304082.73,288173.8233333333,1677.179999999993,0.0055461283696677955,15908.906666666677,0.055205939535544486
Retail Sales,COGS,2025-12-01,304824.79,287282.23,290781.61999999994,-17542.559999999998,-0.05754965007931277,-3499.3899999999558,-0.012034426384996261
Retail Sales,COGS,2026-01-01,307263.39,313035.31,294401.5266666666,5771.919999999984,0.01878492585790967,18633.783333333384,0.06329377277459336
Retail Sales,COGS,2026-02-01,309721.5,300419.96,301466.75666666665,-9301.539999999979,-0.030031948056560422,-1046.7966666666325,-0.003472345270308132
Retail Sales,COGS,2026-03-01,312199.27,307645.94,300245.8333333333,-4553.330000000016,-0.014584691373557715,7400.106666666688,0.024646825517978397
Retail Sales,COGS,2026-04-01,314696.87,305229.11,307033.7366666667,-9467.76000000001,-0.030085332593234912,-1804.626666666707,-0.005877616858195334
Retail Sales,COGS,2026-05-01,317214.44,346592.91,304431.67,29378.469999999972,0.09261391127087396,42161.23999999999,0.13849163590634309
Retail Sales,COGS,2026-06-01,319752.16,319536.37,319822.6533333333,-215.78999999997905,-0.0006748664340531087,-286.2833333333256,-0.0008951315060067006
Retail Sales,COGS,2026-07-01,322310.17,305264.62,323786.12999999995,-17045.54999999999,-0.05288554810417552,-18521.50999999995,-0.057202913540490306
Retail Sales,COGS,2026-08-01,324888.66,338250.43,323797.9666666666,13361.770000000019,0.041127228017130604,14452.463333333377,0.04463420040006442
Retail Sales,COGS,2026-09-01,327487.76,307497.2,321017.14,-19990.559999999998,-0.061042159255051236,-13519.940000000002,-0.04211594433867301
Retail Sales,Headcount Cost,2025-04-01,117000.0,117454.32,,454.320000000007,0.003883076923076983,,
Retail Sales,Headcount Cost,2025-05-01,117702.0,122262.46,,4560.460000000006,0.03874581570406625,,
Retail Sales,Headcount Cost,2025-06-01,118408.21,115083.06,,-3325.1500000000087,-0.028082089915893574,,
Retail Sales,Headcount Cost,2025-07-01,119118.66,117557.43,118266.61333333334,-1561.2300000000105,-0.013106510768338147,-709.1833333333489,-0.0059964795925501165
Retail Sales,Headcount Cost,2025-08-01,119833.37,117953.87,118300.98333333334,-1879.5,-0.01568427892831521,-347.11333333334187,-0.0029341542525922245
Retail Sales,Headcount Cost,2025-09-01,120552.37,113495.17,116864.78666666667,-7057.199999999997,-0.05854053304800227,-3369.6166666666686,-0.028833464405987608
Retail Sales,Headcount Cost,2025-10-01,121275.69,122712.18,116335.48999999999,1436.4899999999907,0.011844830567445055,6376.690000000002,0.054812937995103665
Retail Sales,Headcount Cost,2025-11-01,122003.34,123277.33,118053.73999999999,1273.9900000000052,0.010442255105475024,5223.590000000011,0.044247560475424254
Retail Sales,Headcount Cost,2025-12-01,122735.36,122760.47,119828.22666666667,25.110000000000582,0.00020458651850616304,2932.243333333332,0.024470389113661242
Retail Sales,Headcount Cost,2026-01-01,123471.77,122313.18,122916.65999999999,-1158.590000000011,-0.00938344044148724,-603.4799999999959,-0.0049096680628972185
Retail Sales,Headcount Cost,2026-02-01,124212.6,117180.33,122783.65999999999,-7032.270000000004,-0.05661478787176183,-5603.329999999987,-0.04563579551220405
Retail Sales,Headcount Cost,2026-03-01,124957.88,122855.36,120751.32666666666,-2102.520000000004,-0.01682582963155268,2104.03333333334,0.01742451525308299
Retail Sales,Headcount Cost,2026-04-01,125707.63,123984.35,120782.95666666667,-1723.2799999999988,-0.013708634869657465,3201.3933333333407,0.026505340005613987
Retail Sales,Headcount Cost,2026-05-01,126461.87,122403.57,121340.01333333335,-4058.2999999999884,-0.03209109591689565,1063.5566666666564,0.008765094361288375
Retail Sales,Headcount Cost,2026-06-01,127220.64,126399.89,123081.09333333334,-820.75,-0.006451390277552448,3318.7966666666616,0.026964309275987322
Retail Sales,Headcount Cost,2026-07-01,127983.97,130052.45,124262.60333333335,2068.479999999996,0.016162024040979474,5789.84666666665,0.046593637275853916
Retail Sales,Headcount Cost,2026-08-01,128751.87,138465.87,126285.30333333333,9714.0,0.07544744787007754,12180.566666666666,0.09645276485194595
Retail Sales,Headcount Cost,2026-09-01,129524.38,130428.87,131639.40333333332,904.4899999999907,0.0069831640962110045,-1210.5333333333256,-0.009195828169078294
Retail Sales,Opex: Marketing,2025-04-01,78000.0,82003.7,,4003.699999999997,0.05132948717948714,,
Retail Sales,Opex: Marketing,2025-05-01,78390.0,56915.02,,-21474.980000000003,-0.27395050389080244,,
Retail Sales,Opex: Marketing,2025-06-01,78781.95,64662.03,,-14119.919999999998,-0.17922785612694278,,
Retail Sales,Opex: Marketing,2025-07-01,79175.86,83097.38,67860.25,3921.520000000004,0.04952923782577169,15237.130000000005,0.2245368975210083
Retail Sales,Opex: Marketing,2025-08-01,79571.74,89977.33,68224.81,10405.589999999997,0.13076991906925745,21752.520000000004,0.3188359190740144
Retail Sales,Opex: Marketing,2025-09-01,79969.6,83624.63,79245.58,3655.029999999999,0.04570524299233707,4379.050000000003,0.05525923338563492
Retail Sales,Opex: Marketing,2025-10-01,80369.45,80582.65,85566.44666666667,213.1999999999971,0.0026527492722669757,-4983.796666666676,-0.058244754349582775
Retail Sales,Opex: Marketing,2025-11-01,80771.29,117118.37,84728.20333333334,36347.08,0.4499999938096817,32390.166666666657,0.38228317599558825
Retail Sales,Opex: Marketing,2025-12-01,81175.15,64795.77,93775.21666666667,-16379.379999999997,-0.20177825356651632,-28979.446666666678,-0.30903097531277374
Retail Sales,Opex: Marketing,2026-01-01,81581.03,74403.8,87498.93000000001,-7177.229999999996,-0.0879767024270225,-13095.130000000005,-0.1496604587050379
Retail Sales,Opex: Marketing,2026-02-01,81988.93,77963.62,85439.31333333334,-4025.3099999999977,-0.049095774270989975,-7475.693333333344,-0.08749711393591891
Retail Sales,Opex: Marketing,2026-03-01,82398.87,97112.7,72387.73,14713.830000000002,0.1785683468717472,24724.97,0.3415629969333201
Retail Sales,Opex: Marketing,2026-04-01,82810.87,88735.39,83160.04,5924.520000000004,0.07154278176282902,5575.350000000006,0.0670436185456381
Retail Sales,Opex: Marketing,2026-05-01,83224.92,62880.09,87937.23666666668,-20344.83,-0.24445598746144787,-25057.146666666682,-0.2849435303686862
Retail Sales,Opex: Marketing,2026-06-01,83641.05,108733.36,82909.39333333334,25092.309999999998,0.29999994022074083,25823.96666666666,0.3114721460189994
Retail Sales,Opex: Marketing,2026-07-01,84059.25,80884.98,86782.94666666667,-3174.270000000004,-0.037762292668564186,-5897.966666666674,-0.06796227707409805
Retail Sales,Opex: Marketing,2026-08-01,84479.55,77591.23,84166.14333333334,-6888.320000000007,-0.08153831311838199,-6574.913333333345,-0.07811826790368571
Retail Sales,Opex: Marketing,2026-09-01,84901.95,94389.86,89069.85666666667,9487.910000000003,0.11175137909082188,5320.003333333327,0.05972843712146979
Retail Sales,Opex: Other,2025-04-01,32500.0,32708.57,,208.5699999999997,0.006417538461538453,,
Retail Sales,Opex: Other,2025-05-01,32597.5,38023.82,,5426.32,0.16646429940946392,,
Retail Sales,Opex: Other,2025-06-01,32695.29,24456.91,,-8238.380000000001,-0.25197451987732794,,
Retail Sales,Opex: Other,2025-07-01,32793.38,35816.61,31729.766666666666,3023.230000000003,0.09219025303277684,4086.843333333334,0.12880155647746125
Retail Sales,Opex: Other,2025-08-01,32891.76,33506.99,32765.78,615.2299999999959,0.01870468469914641,741.2099999999991,0.022621466664306453
Retail Sales,Opex: Other,2025-09-01,32990.43,32333.9,31260.170000000002,-656.5299999999988,-0.01990061966455117,1073.7299999999996,0.03434818172773851
Retail Sales,Opex: Other,2025-10-01,33089.41,33723.93,33885.833333333336,634.5199999999968,0.019175923656541374,-161.90333333333547,-0.004777906204657859
Retail Sales,Opex: Other,2025-11-01,33188.67,26924.08,33188.27333333334,-6264.5899999999965,-0.18875688600959295,-6264.193333333336,-0.18874719002153578
Retail Sales,Opex: Other,2025-12-01,33288.24,32889.87,30993.97,-398.36999999999534,-0.01196728934903123,1895.9000000000015,0.061169963060556665
Retail Sales,Opex: Other,2026-01-01,33388.1,34914.32,31179.293333333335,1526.2200000000012,0.04571149601205224,3735.026666666665,0.11979189607461697
Retail Sales,Opex: Other,2026-02-01,33488.27,38772.36,31576.09,5284.090000000004,0.1577892796492624,7196.27,0.22790250471163467
Retail Sales,Opex: Other,2026-03-01,33588.73,32183.82,35525.51666666667,-1404.9100000000035,-0.04182682703394869,-3341.6966666666704,-0.09406468871435611
Retail Sales,Opex: Other,2026-04-01,33689.5,31302.62,35290.166666666664,-2386.880000000001,-0.07084937443417091,-3987.5466666666653,-0.11299313784293072
Retail Sales,Opex: Other,2026-05-01,33790.57,32433.01,34086.26666666667,-1357.5600000000013,-0.04017570582561943,-1653.2566666666717,-0.04850213380168762
Retail Sales,Opex: Other,2026-06-01,33891.94,37333.33,31973.149999999998,3441.3899999999994,0.10154007117916529,5360.180000000004,0.16764629071580386
Retail Sales,Opex: Other,2026-07-01,33993.62,35451.1,33689.65333333333,1457.479999999996,0.04287510421073119,1761.4466666666704,0.05228449961293766
Retail Sales,Opex: Other,2026-08-01,34095.6,32630.3,35072.48,-1465.2999999999993,-0.04297621980548808,-2442.180000000004,-0.06963237273212512
Retail Sales,Opex: Other,2026-09-01,34197.88,36295.13,35138.24333333333,2097.25,0.06132690096579087,1156.8866666666654,0.03292386177908909
Retail Sales,Opex: Salaries,2025-04-01,195000.0,199081.35,,4081.350000000006,0.02093000000000003,,
Retail Sales,Opex: Salaries,2025-05-01,195780.0,199291.98,,3511.9800000000105,0.01793840024517321,,
Retail Sales,Opex: Salaries,2025-06-01,196563.12,189648.71,,-6914.4100000000035,-0.035176537694354894,,
Retail Sales,Opex: Salaries,2025-07-01,197349.37,193545.19,196007.34666666668,-3804.179999999993,-0.019276372658296265,-2462.1566666666768,-0.012561552964919528
Retail Sales,Opex: Salaries,2025-08-01,198138.77,198126.47,194161.96,-12.299999999988358,-6.207770442901387e-05,3964.5100000000093,0.020418572206419884
Retail Sales,Opex: Salaries,2025-09-01,198931.33,202764.01,193773.45666666667,3832.680000000022,0.019266346834357476,8990.553333333344,0.04639723875493995
Retail Sales,Opex: Salaries,2025-10-01,199727.05,194858.66,198145.22333333336,-4868.389999999985,-0.02437521607613984,-3286.5633333333535,-0.016586639223719633
Retail Sales,Opex: Salaries,2025-11-01,200525.96,197403.82,198583.04666666666,-3122.139999999985,-0.015569754659197169,-1179.2266666666546,-0.005938204123970643
Retail Sales,Opex: Salaries,2025-12-01,201328.06,192632.69,198342.16333333333,-8695.369999999995,-0.043190055077270376,-5709.473333333328,-0.028785978923392106
Retail Sales,Opex: Salaries,2026-01-01,202133.37,192858.24,194965.05666666667,-9275.130000000005,-0.04588618890586945,-2106.8166666666802,-0.01080612445474638
Retail Sales,Opex: Salaries,2026-02-01,202941.91,205859.36,194298.25,2917.4499999999825,0.014375788618526269,11561.109999999986,0.05950187405187636
Retail Sales,Opex: Salaries,2026-03-01,203753.68,210006.31,197116.76333333334,6252.630000000005,0.03068720034897041,12889.546666666662,0.06539041352292223
Retail Sales,Opex: Salaries,2026-04-01,204568.69,202081.07,202907.96999999997,-2487.6199999999953,-0.012160316419878307,-826.8999999999651,-0.004075246526787317
Retail Sales,Opex: Salaries,2026-05-01,205386.97,209516.47,205982.24666666667,4129.5,0.020105949272244485,3534.223333333328,0.01715790263736966
Retail Sales,Opex: Salaries,2026-06-01,206208.51,206383.6,207201.28333333333,175.0899999999965,0.0008490920185592559,-817.6833333333198,-0.003946323691527907
Retail Sales,Opex: Salaries,2026-07-01,207033.35,200956.17,205993.71333333335,-6077.179999999993,-0.029353628292253364,-5037.543333333335,-0.024454840159037868
Retail Sales,Opex: Salaries,2026-08-01,207861.48,208036.47,205618.74666666667,174.9899999999907,0.0008418587224530041,2417.723333333328,0.011758282610547935
Retail Sales,Opex: Salaries,2026-09-01,208692.93,216235.32,205125.41333333333,7542.390000000014,0.03614109016534491,11109.906666666677,0.054161532138452456
Retail Sales,Revenue,2025-04-01,650000.0,669371.85,,19371.849999999977,0.029802846153846117,,
Retail Sales,Revenue,2025-05-01,656500.0,651053.77,,-5446.229999999981,-0.008295856816450847,,
Retail Sales,Revenue,2025-06-01,663065.0,688832.58,,25767.579999999958,0.03886131827196422,,
Retail Sales,Revenue,2025-07-01,669695.65,730893.64,669752.7333333333,61197.98999999999,0.09138179410303768,61140.906666666735,0.09128877513104101
Retail Sales,Revenue,2025-08-01,676392.61,666889.83,690259.9966666667,-9502.780000000028,-0.014049207308755233,-23370.166666666744,-0.033857049198162396
Retail Sales,Revenue,2025-09-01,683156.53,673559.4,695538.6833333333,-9597.130000000005,-0.014048215275055637,-21979.283333333326,-0.03160037516245501
Retail Sales,Revenue,2025-10-01,689988.1,755366.38,690447.6233333334,65378.28000000003,0.09475276457666448,64918.756666666595,0.09402415834709188
Retail Sales,Revenue,2025-11-01,696887.98,728976.94,698605.2033333333,32088.959999999963,0.04604608046188422,30371.736666666693,0.04347482171869122
Retail Sales,Revenue,2025-12-01,703856.86,684030.29,719300.9066666666,-19826.56999999995,-0.028168468799181626,-35270.61666666658,-0.04903457835207685
Retail Sales,Revenue,2026-01-01,710895.43,734037.63,722791.2033333335,23142.199999999953,0.032553592305411154,11246.42666666652,0.015559717128267187
Retail Sales,Revenue,2026-02-01,718004.38,698040.23,715681.62,-19964.150000000023,-0.027805053222655862,-17641.390000000014,-0.024649773735980554
Retail Sales,Revenue,2026-03-01,725184.43,704920.03,705369.3833333333,-20264.400000000023,-0.027943788037478993,-449.35333333327435,-0.0006370468352479163
Retail Sales,Revenue,2026-04-01,732436.27,743069.59,712332.63,10633.319999999949,0.01451774090870725,30736.959999999963,0.04314972908092103
Retail Sales,Revenue,2026-05-01,739760.63,654838.47,715343.2833333333,-84922.16000000003,-0.11479680934088103,-60504.81333333335,-0.08458150756849914
Retail Sales,Revenue,2026-06-01,747158.24,669831.04,700942.6966666667,-77327.19999999995,-0.10349507756215062,-31111.65666666662,-0.04438544950196088
Retail Sales,Revenue,2026-07-01,754629.82,729170.68,689246.3666666666,-25459.139999999898,-0.03373725676517779,39924.31333333347,0.05792459019612311
Retail Sales,Revenue,2026-08-01,762176.12,715858.78,684613.3966666666,-46317.33999999997,-0.06076986510676819,31245.38333333342,0.04563945649539571
Retail Sales,Revenue,2026-09-01,769797.88,784312.3,704953.5,14514.420000000042,0.01885484537837392,79358.80000000005,0.11257309879304103
